old_path	canonical_document	destination_anchor	disposition	justification
.agents/skills/omnisorse-engineering-run/SKILL.md	.agents/skills/omnisorse-engineering-run/SKILL.md		retained as a genuinely distinct living document	Distinct subject, navigation, policy or supporting archive index; not a repetitive version sibling.
.github/ISSUE_TEMPLATE/release-manual-testing.md	.github/ISSUE_TEMPLATE/release-manual-testing.md		retained as a genuinely distinct living document	Distinct subject, navigation, policy or supporting archive index; not a repetitive version sibling.
AGENTS.md	AGENTS.md		retained as a genuinely distinct living document	Distinct subject, navigation, policy or supporting archive index; not a repetitive version sibling.
CONTRIBUTING.md	CONTRIBUTING.md		retained as a genuinely distinct living document	Distinct subject, navigation, policy or supporting archive index; not a repetitive version sibling.
ENGINEERING_PRINCIPLES.md	ENGINEERING_PRINCIPLES.md		retained as a genuinely distinct living document	Distinct subject, navigation, policy or supporting archive index; not a repetitive version sibling.
PRODUCT_ROADMAP.md	PRODUCT_ROADMAP.md		retained as a genuinely distinct living document	Distinct subject, navigation, policy or supporting archive index; not a repetitive version sibling.
PRODUCT_VISION.md	PRODUCT_VISION.md		retained as a genuinely distinct living document	Distinct subject, navigation, policy or supporting archive index; not a repetitive version sibling.
README.md	README.md		retained as a genuinely distinct living document	Distinct subject, navigation, policy or supporting archive index; not a repetitive version sibling.
RELEASE_HISTORY.md	RELEASE_HISTORY.md		retained as a genuinely distinct living document	Distinct subject, navigation, policy or supporting archive index; not a repetitive version sibling.
THIRD_PARTY_NOTICES.md	THIRD_PARTY_NOTICES.md		retained as a genuinely distinct living document	Distinct subject, navigation, policy or supporting archive index; not a repetitive version sibling.
docs/ARCHITECTURE_OVERVIEW.md	docs/ARCHITECTURE_OVERVIEW.md		retained as a genuinely distinct living document	Distinct subject, navigation, policy or supporting archive index; not a repetitive version sibling.
docs/Architecture/00_System/00_Overview.md	docs/Architecture/00_System/00_Overview.md		retained as a genuinely distinct living document	Distinct subject, navigation, policy or supporting archive index; not a repetitive version sibling.
docs/Architecture/00_System/01_System_Goals.md	docs/Architecture/00_System/01_System_Goals.md		archived because it is immutable evidence that cannot be represented safely in the living document	Distinct original subsystem design and planned boundaries, classified as historical by Architecture/README.md; does not compete with current architecture.
docs/Architecture/00_System/02_Design_principle.md	docs/Architecture/00_System/02_Design_principle.md		archived because it is immutable evidence that cannot be represented safely in the living document	Distinct original subsystem design and planned boundaries, classified as historical by Architecture/README.md; does not compete with current architecture.
docs/Architecture/00_System/03_Component_Map.md	docs/Architecture/00_System/03_Component_Map.md		archived because it is immutable evidence that cannot be represented safely in the living document	Distinct original subsystem design and planned boundaries, classified as historical by Architecture/README.md; does not compete with current architecture.
docs/Architecture/00_System/04_Data_Flow.md	docs/Architecture/00_System/04_Data_Flow.md		archived because it is immutable evidence that cannot be represented safely in the living document	Distinct original subsystem design and planned boundaries, classified as historical by Architecture/README.md; does not compete with current architecture.
docs/Architecture/00_System/05_Event_Flow.md	docs/Architecture/00_System/05_Event_Flow.md		archived because it is immutable evidence that cannot be represented safely in the living document	Distinct original subsystem design and planned boundaries, classified as historical by Architecture/README.md; does not compete with current architecture.
docs/Architecture/00_System/06_User_Flow.md	docs/Architecture/00_System/06_User_Flow.md		archived because it is immutable evidence that cannot be represented safely in the living document	Distinct original subsystem design and planned boundaries, classified as historical by Architecture/README.md; does not compete with current architecture.
docs/Architecture/00_System/07_Deployment.md	docs/Architecture/00_System/07_Deployment.md		archived because it is immutable evidence that cannot be represented safely in the living document	Distinct original subsystem design and planned boundaries, classified as historical by Architecture/README.md; does not compete with current architecture.
docs/Architecture/00_System/08_v1.5_Platform_Architecture.md	docs/Architecture/00_System/08_Platform_Architecture.md		merged and deleted	Subject content and historical scope preserved at the canonical destination; source snapshot linked by commit.
docs/Architecture/00_System/09_v1.6_Reliability_Architecture.md	docs/Architecture/00_System/09_Reliability_Architecture.md		merged and deleted	Subject content and historical scope preserved at the canonical destination; source snapshot linked by commit.
docs/Architecture/00_System/10_v1.7_Deep_Indexing_Architecture.md	docs/Architecture/00_System/10_Deep_Indexing_Architecture.md		merged and deleted	Subject content and historical scope preserved at the canonical destination; source snapshot linked by commit.
docs/Architecture/01_Core/00_Overview.md	docs/Architecture/01_Core/00_Overview.md		archived because it is immutable evidence that cannot be represented safely in the living document	Distinct original subsystem design and planned boundaries, classified as historical by Architecture/README.md; does not compete with current architecture.
docs/Architecture/01_Core/01_Application.md	docs/Architecture/01_Core/01_Application.md		archived because it is immutable evidence that cannot be represented safely in the living document	Distinct original subsystem design and planned boundaries, classified as historical by Architecture/README.md; does not compete with current architecture.
docs/Architecture/01_Core/02_Configuration.md	docs/Architecture/01_Core/02_Configuration.md		archived because it is immutable evidence that cannot be represented safely in the living document	Distinct original subsystem design and planned boundaries, classified as historical by Architecture/README.md; does not compete with current architecture.
docs/Architecture/01_Core/03_Logging.md	docs/Architecture/01_Core/03_Logging.md		archived because it is immutable evidence that cannot be represented safely in the living document	Distinct original subsystem design and planned boundaries, classified as historical by Architecture/README.md; does not compete with current architecture.
docs/Architecture/01_Core/04_Event_Bus.md	docs/Architecture/01_Core/04_Event_Bus.md		archived because it is immutable evidence that cannot be represented safely in the living document	Distinct original subsystem design and planned boundaries, classified as historical by Architecture/README.md; does not compete with current architecture.
docs/Architecture/01_Core/05_Service_Registry.md	docs/Architecture/01_Core/05_Service_Registry.md		archived because it is immutable evidence that cannot be represented safely in the living document	Distinct original subsystem design and planned boundaries, classified as historical by Architecture/README.md; does not compete with current architecture.
docs/Architecture/01_Core/06_Application_State.md	docs/Architecture/01_Core/06_Application_State.md		archived because it is immutable evidence that cannot be represented safely in the living document	Distinct original subsystem design and planned boundaries, classified as historical by Architecture/README.md; does not compete with current architecture.
docs/Architecture/01_Core/07_Task_Manager.md	docs/Architecture/01_Core/07_Task_Manager.md		archived because it is immutable evidence that cannot be represented safely in the living document	Distinct original subsystem design and planned boundaries, classified as historical by Architecture/README.md; does not compete with current architecture.
docs/Architecture/01_Core/08_Utilities.md	docs/Architecture/01_Core/08_Utilities.md		archived because it is immutable evidence that cannot be represented safely in the living document	Distinct original subsystem design and planned boundaries, classified as historical by Architecture/README.md; does not compete with current architecture.
docs/Architecture/01_Core/09_Error_Handling.md	docs/Architecture/01_Core/09_Error_Handling.md		archived because it is immutable evidence that cannot be represented safely in the living document	Distinct original subsystem design and planned boundaries, classified as historical by Architecture/README.md; does not compete with current architecture.
docs/Architecture/01_Core/10_Advanced_Diagnostics.md	docs/Architecture/01_Core/10_Advanced_Diagnostics.md		retained as a genuinely distinct living document	Distinct subject, navigation, policy or supporting archive index; not a repetitive version sibling.
docs/Architecture/02_Scanner/00_Overview.md	docs/Architecture/02_Scanner/00_Overview.md		archived because it is immutable evidence that cannot be represented safely in the living document	Distinct original subsystem design and planned boundaries, classified as historical by Architecture/README.md; does not compete with current architecture.
docs/Architecture/02_Scanner/01_Folder_Scanner.md	docs/Architecture/02_Scanner/01_Folder_Scanner.md		archived because it is immutable evidence that cannot be represented safely in the living document	Distinct original subsystem design and planned boundaries, classified as historical by Architecture/README.md; does not compete with current architecture.
docs/Architecture/02_Scanner/02_File_Discovery.md	docs/Architecture/02_Scanner/02_File_Discovery.md		archived because it is immutable evidence that cannot be represented safely in the living document	Distinct original subsystem design and planned boundaries, classified as historical by Architecture/README.md; does not compete with current architecture.
docs/Architecture/02_Scanner/03_Metdata_reader.md	docs/Architecture/02_Scanner/03_Metdata_reader.md		archived because it is immutable evidence that cannot be represented safely in the living document	Distinct original subsystem design and planned boundaries, classified as historical by Architecture/README.md; does not compete with current architecture.
docs/Architecture/02_Scanner/04_File_Hashing.md	docs/Architecture/02_Scanner/04_File_Hashing.md		archived because it is immutable evidence that cannot be represented safely in the living document	Distinct original subsystem design and planned boundaries, classified as historical by Architecture/README.md; does not compete with current architecture.
docs/Architecture/02_Scanner/05_Duplicate_Detection.md	docs/Architecture/02_Scanner/05_Duplicate_Detection.md		archived because it is immutable evidence that cannot be represented safely in the living document	Distinct original subsystem design and planned boundaries, classified as historical by Architecture/README.md; does not compete with current architecture.
docs/Architecture/02_Scanner/06_Progress_Tracking.md	docs/Architecture/02_Scanner/06_Progress_Tracking.md		archived because it is immutable evidence that cannot be represented safely in the living document	Distinct original subsystem design and planned boundaries, classified as historical by Architecture/README.md; does not compete with current architecture.
docs/Architecture/02_Scanner/07_Cancellation.md	docs/Architecture/02_Scanner/07_Cancellation.md		archived because it is immutable evidence that cannot be represented safely in the living document	Distinct original subsystem design and planned boundaries, classified as historical by Architecture/README.md; does not compete with current architecture.
docs/Architecture/02_Scanner/08_Error_Handling.md	docs/Architecture/02_Scanner/08_Error_Handling.md		archived because it is immutable evidence that cannot be represented safely in the living document	Distinct original subsystem design and planned boundaries, classified as historical by Architecture/README.md; does not compete with current architecture.
docs/Architecture/02_Scanner/09_v1.2_Watched_Folders_and_Incremental_Scanning.md	docs/Architecture/02_Scanner/09_Watched_Folders_and_Incremental_Scanning.md		merged and deleted	Subject content and historical scope preserved at the canonical destination; source snapshot linked by commit.
docs/Architecture/03_Readers/00_Overview.md	docs/Architecture/03_Readers/00_Overview.md		archived because it is immutable evidence that cannot be represented safely in the living document	Distinct original subsystem design and planned boundaries, classified as historical by Architecture/README.md; does not compete with current architecture.
docs/Architecture/03_Readers/01_pdf.md	docs/Architecture/03_Readers/01_pdf.md		archived because it is immutable evidence that cannot be represented safely in the living document	Distinct original subsystem design and planned boundaries, classified as historical by Architecture/README.md; does not compete with current architecture.
docs/Architecture/03_Readers/02_DOCX.md	docs/Architecture/03_Readers/02_DOCX.md		archived because it is immutable evidence that cannot be represented safely in the living document	Distinct original subsystem design and planned boundaries, classified as historical by Architecture/README.md; does not compete with current architecture.
docs/Architecture/03_Readers/03_Excel.md	docs/Architecture/03_Readers/03_Excel.md		archived because it is immutable evidence that cannot be represented safely in the living document	Distinct original subsystem design and planned boundaries, classified as historical by Architecture/README.md; does not compete with current architecture.
docs/Architecture/03_Readers/04_Text.md	docs/Architecture/03_Readers/04_Text.md		archived because it is immutable evidence that cannot be represented safely in the living document	Distinct original subsystem design and planned boundaries, classified as historical by Architecture/README.md; does not compete with current architecture.
docs/Architecture/03_Readers/05_Images.md	docs/Architecture/03_Readers/05_Images.md		archived because it is immutable evidence that cannot be represented safely in the living document	Distinct original subsystem design and planned boundaries, classified as historical by Architecture/README.md; does not compete with current architecture.
docs/Architecture/03_Readers/06_Audio.md	docs/Architecture/03_Readers/06_Audio.md		archived because it is immutable evidence that cannot be represented safely in the living document	Distinct original subsystem design and planned boundaries, classified as historical by Architecture/README.md; does not compete with current architecture.
docs/Architecture/03_Readers/07_Video.md	docs/Architecture/03_Readers/07_Video.md		archived because it is immutable evidence that cannot be represented safely in the living document	Distinct original subsystem design and planned boundaries, classified as historical by Architecture/README.md; does not compete with current architecture.
docs/Architecture/03_Readers/08_Archives.md	docs/Architecture/03_Readers/08_Archives.md		archived because it is immutable evidence that cannot be represented safely in the living document	Distinct original subsystem design and planned boundaries, classified as historical by Architecture/README.md; does not compete with current architecture.
docs/Architecture/03_Readers/09_OCR.md	docs/Architecture/03_Readers/09_OCR.md		archived because it is immutable evidence that cannot be represented safely in the living document	Distinct original subsystem design and planned boundaries, classified as historical by Architecture/README.md; does not compete with current architecture.
docs/Architecture/03_Readers/10_v1_OCR_and_Metadata.md	docs/Architecture/03_Readers/10_OCR_and_Metadata.md		merged and deleted	Subject content and historical scope preserved at the canonical destination; source snapshot linked by commit.
docs/Architecture/04_AI/00_Overview.md	docs/Architecture/04_AI/00_Overview.md		archived because it is immutable evidence that cannot be represented safely in the living document	Distinct original subsystem design and planned boundaries, classified as historical by Architecture/README.md; does not compete with current architecture.
docs/Architecture/04_AI/01_AI_Manager.md	docs/Architecture/04_AI/01_AI_Manager.md		archived because it is immutable evidence that cannot be represented safely in the living document	Distinct original subsystem design and planned boundaries, classified as historical by Architecture/README.md; does not compete with current architecture.
docs/Architecture/04_AI/02_Model_Providers.md	docs/Architecture/04_AI/02_Model_Providers.md		archived because it is immutable evidence that cannot be represented safely in the living document	Distinct original subsystem design and planned boundaries, classified as historical by Architecture/README.md; does not compete with current architecture.
docs/Architecture/04_AI/03_Prompt_Engine.md	docs/Architecture/04_AI/03_Prompt_Engine.md		archived because it is immutable evidence that cannot be represented safely in the living document	Distinct original subsystem design and planned boundaries, classified as historical by Architecture/README.md; does not compete with current architecture.
docs/Architecture/04_AI/04_Document_classification.md	docs/Architecture/04_AI/04_Document_classification.md		archived because it is immutable evidence that cannot be represented safely in the living document	Distinct original subsystem design and planned boundaries, classified as historical by Architecture/README.md; does not compete with current architecture.
docs/Architecture/04_AI/05_Summarization.md	docs/Architecture/04_AI/05_Summarization.md		archived because it is immutable evidence that cannot be represented safely in the living document	Distinct original subsystem design and planned boundaries, classified as historical by Architecture/README.md; does not compete with current architecture.
docs/Architecture/04_AI/06_Renaming.md	docs/Architecture/04_AI/06_Renaming.md		archived because it is immutable evidence that cannot be represented safely in the living document	Distinct original subsystem design and planned boundaries, classified as historical by Architecture/README.md; does not compete with current architecture.
docs/Architecture/04_AI/07_Folder_Suggestions.md	docs/Architecture/04_AI/07_Folder_Suggestions.md		archived because it is immutable evidence that cannot be represented safely in the living document	Distinct original subsystem design and planned boundaries, classified as historical by Architecture/README.md; does not compete with current architecture.
docs/Architecture/04_AI/08_Embeddings.md	docs/Architecture/04_AI/08_Embeddings.md		archived because it is immutable evidence that cannot be represented safely in the living document	Distinct original subsystem design and planned boundaries, classified as historical by Architecture/README.md; does not compete with current architecture.
docs/Architecture/04_AI/09_Vector_Search.md	docs/Architecture/04_AI/09_Vector_Search.md		archived because it is immutable evidence that cannot be represented safely in the living document	Distinct original subsystem design and planned boundaries, classified as historical by Architecture/README.md; does not compete with current architecture.
docs/Architecture/04_AI/10_Caching.md	docs/Architecture/04_AI/10_Caching.md		archived because it is immutable evidence that cannot be represented safely in the living document	Distinct original subsystem design and planned boundaries, classified as historical by Architecture/README.md; does not compete with current architecture.
docs/Architecture/04_AI/11_Small_Model_Prompt_Contracts.md	docs/Architecture/04_AI/11_Small_Model_Prompt_Contracts.md		retained as a genuinely distinct living document	Distinct subject, navigation, policy or supporting archive index; not a repetitive version sibling.
docs/Architecture/05_Database/00_Overview.md	docs/Architecture/05_Database/00_Overview.md		archived because it is immutable evidence that cannot be represented safely in the living document	Distinct original subsystem design and planned boundaries, classified as historical by Architecture/README.md; does not compete with current architecture.
docs/Architecture/05_Database/01_SQLite.md	docs/Architecture/05_Database/01_SQLite.md		archived because it is immutable evidence that cannot be represented safely in the living document	Distinct original subsystem design and planned boundaries, classified as historical by Architecture/README.md; does not compete with current architecture.
docs/Architecture/05_Database/02_Schema.md	docs/Architecture/05_Database/02_Schema.md		archived because it is immutable evidence that cannot be represented safely in the living document	Distinct original subsystem design and planned boundaries, classified as historical by Architecture/README.md; does not compete with current architecture.
docs/Architecture/05_Database/03_Migrations.md	docs/Architecture/05_Database/03_Migrations.md		archived because it is immutable evidence that cannot be represented safely in the living document	Distinct original subsystem design and planned boundaries, classified as historical by Architecture/README.md; does not compete with current architecture.
docs/Architecture/05_Database/04_Metadata.md	docs/Architecture/05_Database/04_Metadata.md		archived because it is immutable evidence that cannot be represented safely in the living document	Distinct original subsystem design and planned boundaries, classified as historical by Architecture/README.md; does not compete with current architecture.
docs/Architecture/05_Database/05_History.md	docs/Architecture/05_Database/05_History.md		archived because it is immutable evidence that cannot be represented safely in the living document	Distinct original subsystem design and planned boundaries, classified as historical by Architecture/README.md; does not compete with current architecture.
docs/Architecture/05_Database/06_Settings.md	docs/Architecture/05_Database/06_Settings.md		archived because it is immutable evidence that cannot be represented safely in the living document	Distinct original subsystem design and planned boundaries, classified as historical by Architecture/README.md; does not compete with current architecture.
docs/Architecture/05_Database/07_Cache.md	docs/Architecture/05_Database/07_Cache.md		archived because it is immutable evidence that cannot be represented safely in the living document	Distinct original subsystem design and planned boundaries, classified as historical by Architecture/README.md; does not compete with current architecture.
docs/Architecture/05_Database/08_Backups.md	docs/Architecture/05_Database/08_Backups.md		archived because it is immutable evidence that cannot be represented safely in the living document	Distinct original subsystem design and planned boundaries, classified as historical by Architecture/README.md; does not compete with current architecture.
docs/Architecture/05_Database/09_v1_Local_Content_Stores_and_Migrations.md	docs/Architecture/05_Database/09_Local_Content_Stores_and_Migrations.md		merged and deleted	Subject content and historical scope preserved at the canonical destination; source snapshot linked by commit.
docs/Architecture/06_Search/00_Overview.md	docs/Architecture/06_Search/00_Overview.md		archived because it is immutable evidence that cannot be represented safely in the living document	Distinct original subsystem design and planned boundaries, classified as historical by Architecture/README.md; does not compete with current architecture.
docs/Architecture/06_Search/01_Keyword_Search.md	docs/Architecture/06_Search/01_Keyword_Search.md		archived because it is immutable evidence that cannot be represented safely in the living document	Distinct original subsystem design and planned boundaries, classified as historical by Architecture/README.md; does not compete with current architecture.
docs/Architecture/06_Search/02_Semantic_Search.md	docs/Architecture/06_Search/02_Semantic_Search.md		archived because it is immutable evidence that cannot be represented safely in the living document	Distinct original subsystem design and planned boundaries, classified as historical by Architecture/README.md; does not compete with current architecture.
docs/Architecture/06_Search/03_Filtering.md	docs/Architecture/06_Search/03_Filtering.md		archived because it is immutable evidence that cannot be represented safely in the living document	Distinct original subsystem design and planned boundaries, classified as historical by Architecture/README.md; does not compete with current architecture.
docs/Architecture/06_Search/04_Ranking.md	docs/Architecture/06_Search/04_Ranking.md		archived because it is immutable evidence that cannot be represented safely in the living document	Distinct original subsystem design and planned boundaries, classified as historical by Architecture/README.md; does not compete with current architecture.
docs/Architecture/06_Search/05_Tagging.md	docs/Architecture/06_Search/05_Tagging.md		archived because it is immutable evidence that cannot be represented safely in the living document	Distinct original subsystem design and planned boundaries, classified as historical by Architecture/README.md; does not compete with current architecture.
docs/Architecture/06_Search/06_Indexing.md	docs/Architecture/06_Search/06_Indexing.md		archived because it is immutable evidence that cannot be represented safely in the living document	Distinct original subsystem design and planned boundaries, classified as historical by Architecture/README.md; does not compete with current architecture.
docs/Architecture/06_Search/07_v1_Semantic_Index.md	docs/Architecture/06_Search/07_Semantic_Index.md		merged and deleted	Subject content and historical scope preserved at the canonical destination; source snapshot linked by commit.
docs/Architecture/06_Search/08_v1_Tag_Provenance.md	docs/Architecture/06_Search/08_Tag_Provenance.md		merged and deleted	Subject content and historical scope preserved at the canonical destination; source snapshot linked by commit.
docs/Architecture/06_Search/09_v1.8_Search_Intelligence_Privacy.md	docs/Architecture/06_Search/09_Search_Intelligence_Privacy.md		merged and deleted	Subject content and historical scope preserved at the canonical destination; source snapshot linked by commit.
docs/Architecture/06_Search/10_v1.9_Relationships_Context.md	docs/Architecture/06_Search/10_Relationships_Context.md		merged and deleted	Subject content and historical scope preserved at the canonical destination; source snapshot linked by commit.
docs/Architecture/06_Search/11_v2.0_Knowledge_Graph_Stability_Design.md	docs/Architecture/06_Search/11_Knowledge_Graph_Stability_Design.md		merged and deleted	Subject content and historical scope preserved at the canonical destination; source snapshot linked by commit.
docs/Architecture/06_Search/12_v2.1_Search_AI_Quality.md	docs/Architecture/06_Search/12_Search_AI_Quality.md		merged and deleted	Subject content and historical scope preserved at the canonical destination; source snapshot linked by commit.
docs/Architecture/07-Rules/00_Overview.md	docs/Architecture/07-Rules/00_Overview.md		archived because it is immutable evidence that cannot be represented safely in the living document	Distinct original subsystem design and planned boundaries, classified as historical by Architecture/README.md; does not compete with current architecture.
docs/Architecture/07-Rules/01_Rule_Engine.md	docs/Architecture/07-Rules/01_Rule_Engine.md		archived because it is immutable evidence that cannot be represented safely in the living document	Distinct original subsystem design and planned boundaries, classified as historical by Architecture/README.md; does not compete with current architecture.
docs/Architecture/07-Rules/02_Conditions.md	docs/Architecture/07-Rules/02_Conditions.md		archived because it is immutable evidence that cannot be represented safely in the living document	Distinct original subsystem design and planned boundaries, classified as historical by Architecture/README.md; does not compete with current architecture.
docs/Architecture/07-Rules/03_Actions.md	docs/Architecture/07-Rules/03_Actions.md		archived because it is immutable evidence that cannot be represented safely in the living document	Distinct original subsystem design and planned boundaries, classified as historical by Architecture/README.md; does not compete with current architecture.
docs/Architecture/07-Rules/04_Execution.md	docs/Architecture/07-Rules/04_Execution.md		archived because it is immutable evidence that cannot be represented safely in the living document	Distinct original subsystem design and planned boundaries, classified as historical by Architecture/README.md; does not compete with current architecture.
docs/Architecture/07-Rules/05_User_Rules.md	docs/Architecture/07-Rules/05_User_Rules.md		archived because it is immutable evidence that cannot be represented safely in the living document	Distinct original subsystem design and planned boundaries, classified as historical by Architecture/README.md; does not compete with current architecture.
docs/Architecture/07-Rules/06_Restructuring_History.md	docs/Architecture/07-Rules/06_Restructuring_History.md		archived because it is immutable evidence that cannot be represented safely in the living document	Distinct original subsystem design and planned boundaries, classified as historical by Architecture/README.md; does not compete with current architecture.
docs/Architecture/07-Rules/07_v1.1_Change_Plans_and_Operation_Journal.md	docs/Architecture/07-Rules/07_Change_Plans_and_Operation_Journal.md		merged and deleted	Subject content and historical scope preserved at the canonical destination; source snapshot linked by commit.
docs/Architecture/07-Rules/08_v1.3_Workflow_Profiles_and_Recipes.md	docs/Architecture/07-Rules/08_Workflow_Profiles_and_Recipes.md		merged and deleted	Subject content and historical scope preserved at the canonical destination; source snapshot linked by commit.
docs/Architecture/08_Gui/00_Overview.md	docs/Architecture/08_Gui/00_Overview.md		archived because it is immutable evidence that cannot be represented safely in the living document	Distinct original subsystem design and planned boundaries, classified as historical by Architecture/README.md; does not compete with current architecture.
docs/Architecture/08_Gui/01_Main_Window.md	docs/Architecture/08_Gui/01_Main_Window.md		archived because it is immutable evidence that cannot be represented safely in the living document	Distinct original subsystem design and planned boundaries, classified as historical by Architecture/README.md; does not compete with current architecture.
docs/Architecture/08_Gui/02_Dashboard.md	docs/Architecture/08_Gui/02_Dashboard.md		archived because it is immutable evidence that cannot be represented safely in the living document	Distinct original subsystem design and planned boundaries, classified as historical by Architecture/README.md; does not compete with current architecture.
docs/Architecture/08_Gui/03_Scanner_page.md	docs/Architecture/08_Gui/03_Scanner_page.md		archived because it is immutable evidence that cannot be represented safely in the living document	Distinct original subsystem design and planned boundaries, classified as historical by Architecture/README.md; does not compete with current architecture.
docs/Architecture/08_Gui/04_Results_Page.md	docs/Architecture/08_Gui/04_Results_Page.md		retained as a genuinely distinct living document	Distinct subject, navigation, policy or supporting archive index; not a repetitive version sibling.
docs/Architecture/08_Gui/05_History_Page.md	docs/Architecture/08_Gui/05_History_Page.md		archived because it is immutable evidence that cannot be represented safely in the living document	Distinct original subsystem design and planned boundaries, classified as historical by Architecture/README.md; does not compete with current architecture.
docs/Architecture/08_Gui/06_Settings_PAge.md	docs/Architecture/08_Gui/06_Settings_PAge.md		archived because it is immutable evidence that cannot be represented safely in the living document	Distinct original subsystem design and planned boundaries, classified as historical by Architecture/README.md; does not compete with current architecture.
docs/Architecture/08_Gui/07_Reports_Page.md	docs/Architecture/08_Gui/07_Reports_Page.md		archived because it is immutable evidence that cannot be represented safely in the living document	Distinct original subsystem design and planned boundaries, classified as historical by Architecture/README.md; does not compete with current architecture.
docs/Architecture/08_Gui/08_Dialogs.md	docs/Architecture/08_Gui/08_Dialogs.md		archived because it is immutable evidence that cannot be represented safely in the living document	Distinct original subsystem design and planned boundaries, classified as historical by Architecture/README.md; does not compete with current architecture.
docs/Architecture/08_Gui/09_Notifications.md	docs/Architecture/08_Gui/09_Notifications.md		archived because it is immutable evidence that cannot be represented safely in the living document	Distinct original subsystem design and planned boundaries, classified as historical by Architecture/README.md; does not compete with current architecture.
docs/Architecture/08_Gui/10_Themes.md	docs/Architecture/08_Gui/10_Themes.md		archived because it is immutable evidence that cannot be represented safely in the living document	Distinct original subsystem design and planned boundaries, classified as historical by Architecture/README.md; does not compete with current architecture.
docs/Architecture/08_Gui/11_Catalog_Page.md	docs/Architecture/08_Gui/11_Catalog_Page.md		retained as a genuinely distinct living document	Distinct subject, navigation, policy or supporting archive index; not a repetitive version sibling.
docs/Architecture/08_Gui/12_Catalog_Comparison_Page.md	docs/Architecture/08_Gui/12_Catalog_Comparison_Page.md		retained as a genuinely distinct living document	Distinct subject, navigation, policy or supporting archive index; not a repetitive version sibling.
docs/Architecture/08_Gui/13_Structure_History.md	docs/Architecture/08_Gui/13_Structure_History.md		retained as a genuinely distinct living document	Distinct subject, navigation, policy or supporting archive index; not a repetitive version sibling.
docs/Architecture/08_Gui/14_Review_Changes.md	docs/Architecture/08_Gui/14_Review_Changes.md		retained as a genuinely distinct living document	Distinct subject, navigation, policy or supporting archive index; not a repetitive version sibling.
docs/Architecture/09_Reports/00_Overview.md	docs/Architecture/09_Reports/00_Overview.md		archived because it is immutable evidence that cannot be represented safely in the living document	Distinct original subsystem design and planned boundaries, classified as historical by Architecture/README.md; does not compete with current architecture.
docs/Architecture/09_Reports/01_Statistics.md	docs/Architecture/09_Reports/01_Statistics.md		archived because it is immutable evidence that cannot be represented safely in the living document	Distinct original subsystem design and planned boundaries, classified as historical by Architecture/README.md; does not compete with current architecture.
docs/Architecture/09_Reports/02_Cleanup_Report.md	docs/Architecture/09_Reports/02_Cleanup_Report.md		archived because it is immutable evidence that cannot be represented safely in the living document	Distinct original subsystem design and planned boundaries, classified as historical by Architecture/README.md; does not compete with current architecture.
docs/Architecture/09_Reports/03_Duplicates_Report.md	docs/Architecture/09_Reports/03_Duplicates_Report.md		archived because it is immutable evidence that cannot be represented safely in the living document	Distinct original subsystem design and planned boundaries, classified as historical by Architecture/README.md; does not compete with current architecture.
docs/Architecture/09_Reports/04_AI_Report.md	docs/Architecture/09_Reports/04_AI_Report.md		archived because it is immutable evidence that cannot be represented safely in the living document	Distinct original subsystem design and planned boundaries, classified as historical by Architecture/README.md; does not compete with current architecture.
docs/Architecture/09_Reports/05_Export.md	docs/Architecture/09_Reports/05_Export.md		archived because it is immutable evidence that cannot be represented safely in the living document	Distinct original subsystem design and planned boundaries, classified as historical by Architecture/README.md; does not compete with current architecture.
docs/Architecture/10_Plugins/00_Overview.md	docs/Architecture/10_Plugins/00_Overview.md		archived because it is immutable evidence that cannot be represented safely in the living document	Distinct original subsystem design and planned boundaries, classified as historical by Architecture/README.md; does not compete with current architecture.
docs/Architecture/10_Plugins/01_Plugin_API.md	docs/Architecture/10_Plugins/01_Plugin_API.md		archived because it is immutable evidence that cannot be represented safely in the living document	Distinct original subsystem design and planned boundaries, classified as historical by Architecture/README.md; does not compete with current architecture.
docs/Architecture/10_Plugins/02_Discovery.md	docs/Architecture/10_Plugins/02_Discovery.md		archived because it is immutable evidence that cannot be represented safely in the living document	Distinct original subsystem design and planned boundaries, classified as historical by Architecture/README.md; does not compete with current architecture.
docs/Architecture/10_Plugins/03_Loading.md	docs/Architecture/10_Plugins/03_Loading.md		archived because it is immutable evidence that cannot be represented safely in the living document	Distinct original subsystem design and planned boundaries, classified as historical by Architecture/README.md; does not compete with current architecture.
docs/Architecture/10_Plugins/04_Lifecycle.md	docs/Architecture/10_Plugins/04_Lifecycle.md		archived because it is immutable evidence that cannot be represented safely in the living document	Distinct original subsystem design and planned boundaries, classified as historical by Architecture/README.md; does not compete with current architecture.
docs/Architecture/10_Plugins/05_Security.md	docs/Architecture/10_Plugins/05_Security.md		archived because it is immutable evidence that cannot be represented safely in the living document	Distinct original subsystem design and planned boundaries, classified as historical by Architecture/README.md; does not compete with current architecture.
docs/Architecture/10_Plugins/06_v1.4_Plugin_Foundation.md	docs/Architecture/10_Plugins/06_Plugin_Foundation.md		merged and deleted	Subject content and historical scope preserved at the canonical destination; source snapshot linked by commit.
docs/Architecture/99_Appendix/ADR-001_Optional_Ollama_Suggestions.md	docs/Architecture/99_Appendix/ADR-001_Optional_Ollama_Suggestions.md		archived because it is immutable evidence that cannot be represented safely in the living document	Accepted architectural decision with stable identifier and rationale; immutable decision record, linked through the living ADR index.
docs/Architecture/99_Appendix/ADR-002_Bounded_Saved_Query_Persistence.md	docs/Architecture/99_Appendix/ADR-002_Bounded_Saved_Query_Persistence.md		archived because it is immutable evidence that cannot be represented safely in the living document	Accepted architectural decision with stable identifier and rationale; immutable decision record, linked through the living ADR index.
docs/Architecture/99_Appendix/ADR-003_Historical_Metadata_Comparison.md	docs/Architecture/99_Appendix/ADR-003_Historical_Metadata_Comparison.md		archived because it is immutable evidence that cannot be represented safely in the living document	Accepted architectural decision with stable identifier and rationale; immutable decision record, linked through the living ADR index.
docs/Architecture/99_Appendix/ADR-004_Change_Plan_Mutation_Authority.md	docs/Architecture/99_Appendix/ADR-004_Change_Plan_Mutation_Authority.md		archived because it is immutable evidence that cannot be represented safely in the living document	Accepted architectural decision with stable identifier and rationale; immutable decision record, linked through the living ADR index.
docs/Architecture/99_Appendix/ADR-005_Indexed_and_Graph_Authority_Separation.md	docs/Architecture/99_Appendix/ADR-005_Indexed_and_Graph_Authority_Separation.md		archived because it is immutable evidence that cannot be represented safely in the living document	Accepted architectural decision with stable identifier and rationale; immutable decision record, linked through the living ADR index.
docs/Architecture/99_Appendix/ADR-006_Explorer_Protocol_Read_Only_Boundary.md	docs/Architecture/99_Appendix/ADR-006_Explorer_Protocol_Read_Only_Boundary.md		archived because it is immutable evidence that cannot be represented safely in the living document	Accepted architectural decision with stable identifier and rationale; immutable decision record, linked through the living ADR index.
docs/Architecture/99_Appendix/ADR-007_Automatic_Indexed_Inference.md	docs/Architecture/99_Appendix/ADR-007_Automatic_Indexed_Inference.md		archived because it is immutable evidence that cannot be represented safely in the living document	Accepted architectural decision with stable identifier and rationale; immutable decision record, linked through the living ADR index.
docs/Architecture/99_Appendix/ADR.md	docs/Architecture/99_Appendix/ADR.md		retained as a genuinely distinct living document	Distinct subject, navigation, policy or supporting archive index; not a repetitive version sibling.
docs/Architecture/99_Appendix/Coding_Standards.md	docs/Architecture/99_Appendix/Coding_Standards.md		retained as a genuinely distinct living document	Distinct subject, navigation, policy or supporting archive index; not a repetitive version sibling.
docs/Architecture/99_Appendix/Glossary.md	docs/Architecture/99_Appendix/Glossary.md		retained as a genuinely distinct living document	Distinct subject, navigation, policy or supporting archive index; not a repetitive version sibling.
docs/Architecture/99_Appendix/Naming_Conventions.md	docs/Architecture/99_Appendix/Naming_Conventions.md		retained as a genuinely distinct living document	Distinct subject, navigation, policy or supporting archive index; not a repetitive version sibling.
docs/Architecture/99_Appendix/Technology_Stack.md	docs/Architecture/99_Appendix/Technology_Stack.md		retained as a genuinely distinct living document	Distinct subject, navigation, policy or supporting archive index; not a repetitive version sibling.
docs/Architecture/OpenSorSe_System_Map.md	docs/Architecture/OpenSorSe_System_Map.md		retained as a genuinely distinct living document	Distinct subject, navigation, policy or supporting archive index; not a repetitive version sibling.
docs/Architecture/README.md	docs/Architecture/README.md		retained as a genuinely distinct living document	Distinct subject, navigation, policy or supporting archive index; not a repetitive version sibling.
docs/Architecture/Template.md	docs/Architecture/Template.md		archived because it is immutable evidence that cannot be represented safely in the living document	Distinct original subsystem design and planned boundaries, classified as historical by Architecture/README.md; does not compete with current architecture.
docs/CHANGELOG.md	docs/CHANGELOG.md		retained as a genuinely distinct living document	Distinct subject, navigation, policy or supporting archive index; not a repetitive version sibling.
docs/CONTENT_INTELLIGENCE_v2.3.md	docs/CONTENT_INTELLIGENCE.md		merged and deleted	Subject content and historical scope preserved at the canonical destination; source snapshot linked by commit.
docs/CURRENT-STATE.md	docs/CURRENT-STATE.md		retained as a genuinely distinct living document	Distinct subject, navigation, policy or supporting archive index; not a repetitive version sibling.
docs/DATA_MODEL_v1.0.md	docs/DATA_MODEL.md		merged and deleted	Subject content and historical scope preserved at the canonical destination; source snapshot linked by commit.
docs/DEVELOPER_GUIDE.md	docs/DEVELOPER_GUIDE.md		retained as a genuinely distinct living document	Distinct subject, navigation, policy or supporting archive index; not a repetitive version sibling.
docs/DOCUMENTATION_INVENTORY.md	docs/DOCUMENTATION_INVENTORY.md		archived because it is immutable evidence that cannot be represented safely in the living document	Dated v2.4 audit counts/classifications and historical evidence; current navigation/policy supersedes its old retention recommendations.
docs/EXPLAINABLE_SMART_TAGS_v2.6.md	docs/EXPLAINABLE_SMART_TAGS.md		merged and deleted	Subject content and historical scope preserved at the canonical destination; source snapshot linked by commit.
docs/EXTENSION_SDK_v1.4.md	docs/EXTENSION_SDK.md		merged and deleted	Subject content and historical scope preserved at the canonical destination; source snapshot linked by commit.
docs/FOSS_DEPENDENCY_POLICY.md	docs/FOSS_DEPENDENCY_POLICY.md		retained as a genuinely distinct living document	Distinct subject, navigation, policy or supporting archive index; not a repetitive version sibling.
docs/GUIDED_WORKFLOWS_PRODUCT_COHERENCE_v2.8.md	docs/GUIDED_WORKFLOWS_PRODUCT_COHERENCE.md		merged and deleted	Subject content and historical scope preserved at the canonical destination; source snapshot linked by commit.
docs/HOW_OMNISORSE_WORKS.md	docs/HOW_OMNISORSE_WORKS.md		retained as a genuinely distinct living document	Distinct subject, navigation, policy or supporting archive index; not a repetitive version sibling.
docs/HYBRID_SEARCH_v3.md	docs/HYBRID_SEARCH.md		merged and deleted	Subject content and historical scope preserved at the canonical destination; source snapshot linked by commit.
docs/INSTALLATION.md	docs/INSTALLATION.md		retained as a genuinely distinct living document	Distinct subject, navigation, policy or supporting archive index; not a repetitive version sibling.
docs/Implementation_Spec/001_FileScanner.md	docs/Implementation_Spec/001_FileScanner.md		archived because it is immutable evidence that cannot be represented safely in the living document	Distinct architectural specification/decision and acceptance context: Implementation Specification
docs/Implementation_Spec/002_FileMetadata.md	docs/Implementation_Spec/002_FileMetadata.md		archived because it is immutable evidence that cannot be represented safely in the living document	Distinct architectural specification/decision and acceptance context: Implementation Specification
docs/Implementation_Spec/003__FileHasher.md	docs/Implementation_Spec/003__FileHasher.md		archived because it is immutable evidence that cannot be represented safely in the living document	Distinct architectural specification/decision and acceptance context: Implementation Specification
docs/Implementation_Spec/004_FileClassifier.md	docs/Implementation_Spec/004_FileClassifier.md		archived because it is immutable evidence that cannot be represented safely in the living document	Distinct architectural specification/decision and acceptance context: Implementation Specification
docs/Implementation_Spec/005_DuplicateDetector.md	docs/Implementation_Spec/005_DuplicateDetector.md		archived because it is immutable evidence that cannot be represented safely in the living document	Distinct architectural specification/decision and acceptance context: Implementation Specification
docs/Implementation_Spec/006_RuleEngine.md	docs/Implementation_Spec/006_RuleEngine.md		archived because it is immutable evidence that cannot be represented safely in the living document	Distinct architectural specification/decision and acceptance context: Implementation Specification
docs/Implementation_Spec/007_MovePlanner.md	docs/Implementation_Spec/007_MovePlanner.md		archived because it is immutable evidence that cannot be represented safely in the living document	Distinct architectural specification/decision and acceptance context: Implementation Specification
docs/Implementation_Spec/008_ConflictResolver.md	docs/Implementation_Spec/008_ConflictResolver.md		archived because it is immutable evidence that cannot be represented safely in the living document	Distinct architectural specification/decision and acceptance context: Implementation Specification
docs/Implementation_Spec/009_MoveExecutor.md	docs/Implementation_Spec/009_MoveExecutor.md		archived because it is immutable evidence that cannot be represented safely in the living document	Distinct architectural specification/decision and acceptance context: Implementation Specification
docs/Implementation_Spec/010_UndoEngine.md	docs/Implementation_Spec/010_UndoEngine.md		archived because it is immutable evidence that cannot be represented safely in the living document	Distinct architectural specification/decision and acceptance context: Implementation Specification
docs/Implementation_Spec/011_LoggingService.md	docs/Implementation_Spec/011_LoggingService.md		archived because it is immutable evidence that cannot be represented safely in the living document	Distinct architectural specification/decision and acceptance context: Implementation Specification
docs/Implementation_Spec/012_ConfigurationManager.md	docs/Implementation_Spec/012_ConfigurationManager.md		archived because it is immutable evidence that cannot be represented safely in the living document	Distinct architectural specification/decision and acceptance context: Implementation Specification
docs/Implementation_Spec/013_MainWindow.md	docs/Implementation_Spec/013_MainWindow.md		archived because it is immutable evidence that cannot be represented safely in the living document	Distinct architectural specification/decision and acceptance context: Implementation Specification
docs/Implementation_Spec/014_Dashboard.md	docs/Implementation_Spec/014_Dashboard.md		archived because it is immutable evidence that cannot be represented safely in the living document	Distinct architectural specification/decision and acceptance context: Implementation Specification
docs/Implementation_Spec/015_FolderSelection.md	docs/Implementation_Spec/015_FolderSelection.md		archived because it is immutable evidence that cannot be represented safely in the living document	Distinct architectural specification/decision and acceptance context: Implementation Specification
docs/Implementation_Spec/016_ScanProgress.md	docs/Implementation_Spec/016_ScanProgress.md		archived because it is immutable evidence that cannot be represented safely in the living document	Distinct architectural specification/decision and acceptance context: Implementation Specification
docs/Implementation_Spec/017_ResultsView.md	docs/Implementation_Spec/017_ResultsView.md		archived because it is immutable evidence that cannot be represented safely in the living document	Distinct architectural specification/decision and acceptance context: Implementation Specification
docs/Implementation_Spec/018_RuleEditor.md	docs/Implementation_Spec/018_RuleEditor.md		archived because it is immutable evidence that cannot be represented safely in the living document	Distinct architectural specification/decision and acceptance context: Implementation Specification
docs/Implementation_Spec/019_Settings.md	docs/Implementation_Spec/019_Settings.md		archived because it is immutable evidence that cannot be represented safely in the living document	Distinct architectural specification/decision and acceptance context: Implementation Specification
docs/Implementation_Spec/020_LogViewer.md	docs/Implementation_Spec/020_LogViewer.md		archived because it is immutable evidence that cannot be represented safely in the living document	Distinct architectural specification/decision and acceptance context: Implementation Specification
docs/Implementation_Spec/021_UndoHistory.md	docs/Implementation_Spec/021_UndoHistory.md		archived because it is immutable evidence that cannot be represented safely in the living document	Distinct architectural specification/decision and acceptance context: Implementation Specification
docs/Implementation_Spec/022_AboutView.md	docs/Implementation_Spec/022_AboutView.md		archived because it is immutable evidence that cannot be represented safely in the living document	Distinct architectural specification/decision and acceptance context: Implementation Specification
docs/Implementation_Spec/023_NotificationCenter.md	docs/Implementation_Spec/023_NotificationCenter.md		archived because it is immutable evidence that cannot be represented safely in the living document	Distinct architectural specification/decision and acceptance context: Implementation Specification
docs/Implementation_Spec/024_ScanOrchestrator.md	docs/Implementation_Spec/024_ScanOrchestrator.md		archived because it is immutable evidence that cannot be represented safely in the living document	Distinct architectural specification/decision and acceptance context: Implementation Specification
docs/Implementation_Spec/025_SessionManager.md	docs/Implementation_Spec/025_SessionManager.md		archived because it is immutable evidence that cannot be represented safely in the living document	Distinct architectural specification/decision and acceptance context: Implementation Specification
docs/Implementation_Spec/026_ApplicationController.md	docs/Implementation_Spec/026_ApplicationController.md		archived because it is immutable evidence that cannot be represented safely in the living document	Distinct architectural specification/decision and acceptance context: Implementation Specification
docs/Implementation_Spec/027_EventBus.md	docs/Implementation_Spec/027_EventBus.md		archived because it is immutable evidence that cannot be represented safely in the living document	Distinct architectural specification/decision and acceptance context: Implementation Specification
docs/Implementation_Spec/028_ErrorHandler.md	docs/Implementation_Spec/028_ErrorHandler.md		archived because it is immutable evidence that cannot be represented safely in the living document	Distinct architectural specification/decision and acceptance context: Implementation Specification
docs/Implementation_Spec/AUTONOMOUS_DECISIONS.md	docs/Implementation_Spec/AUTONOMOUS_DECISIONS.md		archived because it is immutable evidence that cannot be represented safely in the living document	Distinct architectural specification/decision and acceptance context: Autonomous v0.1 Decisions
docs/Implementation_Spec/IMPLEMENTATION_PROGRESS_REMOTE.md	docs/Implementation_Spec/IMPLEMENTATION_PROGRESS_REMOTE.md		archived because it is immutable evidence that cannot be represented safely in the living document	Distinct architectural specification/decision and acceptance context: Remote Implementation Progress
docs/Implementation_Spec/README.md	docs/Implementation_Spec/README.md		retained as a genuinely distinct living document	Living navigation or coverage router over distinct archival records; links maintained during consolidation.
docs/Implementation_Spec/Template.md	docs/Implementation_Spec/Template.md		archived because it is immutable evidence that cannot be represented safely in the living document	Distinct architectural specification/decision and acceptance context: Implementation Specification
docs/Implementation_Spec/v0.2/00_v0.2_Release_Proposal.md	docs/Implementation_Spec/v0.2/00_v0.2_Release_Proposal.md		archived because it is immutable evidence that cannot be represented safely in the living document	Distinct architectural specification/decision and acceptance context: OpenSorSe v0.2 Release Proposal
docs/Implementation_Spec/v0.2/029_ResultsSnapshotProjection.md	docs/Implementation_Spec/v0.2/029_ResultsSnapshotProjection.md		archived because it is immutable evidence that cannot be represented safely in the living document	Distinct architectural specification/decision and acceptance context: 029 — Results Snapshot Projection
docs/Implementation_Spec/v0.2/030_ResultsExplorer.md	docs/Implementation_Spec/v0.2/030_ResultsExplorer.md		archived because it is immutable evidence that cannot be represented safely in the living document	Distinct architectural specification/decision and acceptance context: 030 — Results Explorer
docs/Implementation_Spec/v0.2/031_ExactDuplicateReview.md	docs/Implementation_Spec/v0.2/031_ExactDuplicateReview.md		archived because it is immutable evidence that cannot be represented safely in the living document	Distinct architectural specification/decision and acceptance context: 031 — Exact-Duplicate Review
docs/Implementation_Spec/v0.2/IMPLEMENTATION_DECISIONS.md	docs/Implementation_Spec/v0.2/IMPLEMENTATION_DECISIONS.md		archived because it is immutable evidence that cannot be represented safely in the living document	Distinct architectural specification/decision and acceptance context: v0.2 Implementation Decisions
docs/Implementation_Spec/v0.3/00_v0.3_Release_Proposal.md	docs/Implementation_Spec/v0.3/00_v0.3_Release_Proposal.md		archived because it is immutable evidence that cannot be represented safely in the living document	Distinct architectural specification/decision and acceptance context: OpenSorSe v0.3 Release Proposal
docs/Implementation_Spec/v0.3/032_Optional_Ollama_and_Suggestion_Safety.md	docs/Implementation_Spec/v0.3/032_Optional_Ollama_and_Suggestion_Safety.md		archived because it is immutable evidence that cannot be represented safely in the living document	Distinct architectural specification/decision and acceptance context: 032 — Optional Ollama Integration and Suggestion Safety
docs/Implementation_Spec/v0.3/033_Ranked_Search_Tags_and_Preference_History.md	docs/Implementation_Spec/v0.3/033_Ranked_Search_Tags_and_Preference_History.md		archived because it is immutable evidence that cannot be represented safely in the living document	Distinct architectural specification/decision and acceptance context: 033 — Ranked Search, Tags, and Local Preference History
docs/Implementation_Spec/v0.3/034_Desktop_Integration_and_Test_Strategy.md	docs/Implementation_Spec/v0.3/034_Desktop_Integration_and_Test_Strategy.md		archived because it is immutable evidence that cannot be represented safely in the living document	Distinct architectural specification/decision and acceptance context: 034 — Desktop Integration, Product Polish, and Test Strategy
docs/Implementation_Spec/v0.4/00_v0.4_Release_Proposal.md	docs/Implementation_Spec/v0.4/00_v0.4_Release_Proposal.md		archived because it is immutable evidence that cannot be represented safely in the living document	Distinct architectural specification/decision and acceptance context: OpenSorSe v0.4 Release Proposal
docs/Implementation_Spec/v0.4/035_LocalResultsCatalogStore.md	docs/Implementation_Spec/v0.4/035_LocalResultsCatalogStore.md		archived because it is immutable evidence that cannot be represented safely in the living document	Distinct architectural specification/decision and acceptance context: Specification 035 — Local Results Catalog Store
docs/Implementation_Spec/v0.4/036_CatalogDesktopIntegration.md	docs/Implementation_Spec/v0.4/036_CatalogDesktopIntegration.md		archived because it is immutable evidence that cannot be represented safely in the living document	Distinct architectural specification/decision and acceptance context: Specification 036 — Catalog Desktop Integration
docs/Implementation_Spec/v0.4/IMPLEMENTATION_DECISIONS.md	docs/Implementation_Spec/v0.4/IMPLEMENTATION_DECISIONS.md		archived because it is immutable evidence that cannot be represented safely in the living document	Distinct architectural specification/decision and acceptance context: v0.4 Implementation Decisions
docs/Implementation_Spec/v0.5/00_v0.5_Release_Proposal.md	docs/Implementation_Spec/v0.5/00_v0.5_Release_Proposal.md		archived because it is immutable evidence that cannot be represented safely in the living document	Distinct architectural specification/decision and acceptance context: OpenSorSe v0.5 Release Proposal
docs/Implementation_Spec/v0.5/037_CatalogSearch.md	docs/Implementation_Spec/v0.5/037_CatalogSearch.md		archived because it is immutable evidence that cannot be represented safely in the living document	Distinct architectural specification/decision and acceptance context: Specification 037 — Catalog-wide Deterministic Search
docs/Implementation_Spec/v0.5/038_CatalogMaintenance.md	docs/Implementation_Spec/v0.5/038_CatalogMaintenance.md		archived because it is immutable evidence that cannot be represented safely in the living document	Distinct architectural specification/decision and acceptance context: Specification 038 — Catalog Maintenance Controls
docs/Implementation_Spec/v0.5/IMPLEMENTATION_DECISIONS.md	docs/Implementation_Spec/v0.5/IMPLEMENTATION_DECISIONS.md		archived because it is immutable evidence that cannot be represented safely in the living document	Distinct architectural specification/decision and acceptance context: v0.5 Implementation Decisions
docs/Implementation_Spec/v0.6/00_v0.6_Release_Proposal.md	docs/Implementation_Spec/v0.6/00_v0.6_Release_Proposal.md		archived because it is immutable evidence that cannot be represented safely in the living document	Distinct architectural specification/decision and acceptance context: OpenSorSe v0.6 Release Proposal
docs/Implementation_Spec/v0.6/039_UserManagedTags.md	docs/Implementation_Spec/v0.6/039_UserManagedTags.md		archived because it is immutable evidence that cannot be represented safely in the living document	Distinct architectural specification/decision and acceptance context: Specification 039 — User-Managed Result Tags
docs/Implementation_Spec/v0.6/IMPLEMENTATION_DECISIONS.md	docs/Implementation_Spec/v0.6/IMPLEMENTATION_DECISIONS.md		archived because it is immutable evidence that cannot be represented safely in the living document	Distinct architectural specification/decision and acceptance context: v0.6 Implementation Decisions
docs/Implementation_Spec/v0.7/00_v0.7_Release_Proposal.md	docs/Implementation_Spec/v0.7/00_v0.7_Release_Proposal.md		archived because it is immutable evidence that cannot be represented safely in the living document	Distinct architectural specification/decision and acceptance context: OpenSorSe v0.7 Release Proposal
docs/Implementation_Spec/v0.7/040_SavedCatalogSearchStore.md	docs/Implementation_Spec/v0.7/040_SavedCatalogSearchStore.md		archived because it is immutable evidence that cannot be represented safely in the living document	Distinct architectural specification/decision and acceptance context: Specification 040 — Saved Catalog Search Store
docs/Implementation_Spec/v0.7/041_SavedCatalogSearchDesktopIntegration.md	docs/Implementation_Spec/v0.7/041_SavedCatalogSearchDesktopIntegration.md		archived because it is immutable evidence that cannot be represented safely in the living document	Distinct architectural specification/decision and acceptance context: Specification 041 — Saved Catalog Search Desktop Integration
docs/Implementation_Spec/v0.7/IMPLEMENTATION_DECISIONS.md	docs/Implementation_Spec/v0.7/IMPLEMENTATION_DECISIONS.md		archived because it is immutable evidence that cannot be represented safely in the living document	Distinct architectural specification/decision and acceptance context: v0.7 Implementation Decisions
docs/Implementation_Spec/v0.8/00_v0.8_Release_Proposal.md	docs/Implementation_Spec/v0.8/00_v0.8_Release_Proposal.md		archived because it is immutable evidence that cannot be represented safely in the living document	Distinct architectural specification/decision and acceptance context: OpenSorSe v0.8 Release Proposal
docs/Implementation_Spec/v0.8/042_CatalogSnapshotIdentityAndMigration.md	docs/Implementation_Spec/v0.8/042_CatalogSnapshotIdentityAndMigration.md		archived because it is immutable evidence that cannot be represented safely in the living document	Distinct architectural specification/decision and acceptance context: Specification 042 - Catalog Snapshot Identity and Migration
docs/Implementation_Spec/v0.8/043_CatalogSnapshotIdentityDesktopIntegration.md	docs/Implementation_Spec/v0.8/043_CatalogSnapshotIdentityDesktopIntegration.md		archived because it is immutable evidence that cannot be represented safely in the living document	Distinct architectural specification/decision and acceptance context: Specification 043 - Catalog Snapshot Identity Desktop Integration
docs/Implementation_Spec/v0.8/IMPLEMENTATION_DECISIONS.md	docs/Implementation_Spec/v0.8/IMPLEMENTATION_DECISIONS.md		archived because it is immutable evidence that cannot be represented safely in the living document	Distinct architectural specification/decision and acceptance context: v0.8 Implementation Decisions
docs/Implementation_Spec/v0.9.1/00_v0.9.1_Release_Proposal.md	docs/Implementation_Spec/v0.9.1/00_v0.9.1_Release_Proposal.md		archived because it is immutable evidence that cannot be represented safely in the living document	Distinct architectural specification/decision and acceptance context: OpenSorSe v0.9.1 Release Proposal
docs/Implementation_Spec/v0.9.1/046_Optional_AI_and_Advanced_Feature_Controls.md	docs/Implementation_Spec/v0.9.1/046_Optional_AI_and_Advanced_Feature_Controls.md		archived because it is immutable evidence that cannot be represented safely in the living document	Distinct architectural specification/decision and acceptance context: Specification 046 - Optional AI and Advanced Feature Controls
docs/Implementation_Spec/v0.9.1/047_Correction_Reliability_and_Usability_Pass.md	docs/Implementation_Spec/v0.9.1/047_Correction_Reliability_and_Usability_Pass.md		archived because it is immutable evidence that cannot be represented safely in the living document	Distinct architectural specification/decision and acceptance context: Specification 047 - v0.9.1 Correction, Reliability, and Usability Pass
docs/Implementation_Spec/v0.9.1/IMPLEMENTATION_DECISIONS.md	docs/Implementation_Spec/v0.9.1/IMPLEMENTATION_DECISIONS.md		archived because it is immutable evidence that cannot be represented safely in the living document	Distinct architectural specification/decision and acceptance context: v0.9.1 Implementation Decisions
docs/Implementation_Spec/v0.9/00_v0.9_Release_Proposal.md	docs/Implementation_Spec/v0.9/00_v0.9_Release_Proposal.md		archived because it is immutable evidence that cannot be represented safely in the living document	Distinct architectural specification/decision and acceptance context: OpenSorSe v0.9 Release Proposal
docs/Implementation_Spec/v0.9/044_HistoricalCatalogComparisonService.md	docs/Implementation_Spec/v0.9/044_HistoricalCatalogComparisonService.md		archived because it is immutable evidence that cannot be represented safely in the living document	Distinct architectural specification/decision and acceptance context: Specification 044 - Historical Catalog Comparison Service
docs/Implementation_Spec/v0.9/045_HistoricalCatalogComparisonDesktopIntegration.md	docs/Implementation_Spec/v0.9/045_HistoricalCatalogComparisonDesktopIntegration.md		archived because it is immutable evidence that cannot be represented safely in the living document	Distinct architectural specification/decision and acceptance context: Specification 045 - Historical Catalog Comparison Desktop Integration
docs/Implementation_Spec/v0.9/AUDIT_CORRECTIONS.md	docs/Implementation_Spec/v0.9/AUDIT_CORRECTIONS.md		archived because it is immutable evidence that cannot be represented safely in the living document	Distinct architectural specification/decision and acceptance context: v0.9 Senior Audit Corrections
docs/Implementation_Spec/v0.9/IMPLEMENTATION_DECISIONS.md	docs/Implementation_Spec/v0.9/IMPLEMENTATION_DECISIONS.md		archived because it is immutable evidence that cannot be represented safely in the living document	Distinct architectural specification/decision and acceptance context: v0.9 Implementation Decisions
docs/Implementation_Spec/v1.0/00_v1.0_Release_Proposal.md	docs/Implementation_Spec/v1.0/00_v1.0_Release_Proposal.md		archived because it is immutable evidence that cannot be represented safely in the living document	Distinct architectural specification/decision and acceptance context: OpenSorSe v1.0 Release Proposal
docs/Implementation_Spec/v1.0/048_v1.0_Integrated_Release.md	docs/Implementation_Spec/v1.0/048_v1.0_Integrated_Release.md		archived because it is immutable evidence that cannot be represented safely in the living document	Distinct architectural specification/decision and acceptance context: Specification 048 - OpenSorSe 1.0.0 Integrated Release
docs/Implementation_Spec/v1.0/049_Final_Product_Completion.md	docs/Implementation_Spec/v1.0/049_Final_Product_Completion.md		archived because it is immutable evidence that cannot be represented safely in the living document	Distinct architectural specification/decision and acceptance context: Specification 049 - OpenSorSe 1.0 Final Product Completion
docs/Implementation_Spec/v1.0/050_Release_Candidate_UX_and_AI_Hardening.md	docs/Implementation_Spec/v1.0/050_Release_Candidate_UX_and_AI_Hardening.md		archived because it is immutable evidence that cannot be represented safely in the living document	Distinct architectural specification/decision and acceptance context: OpenSorSe v1.0 Release-Candidate UX and AI Hardening
docs/Implementation_Spec/v1.0/051_Readme_and_Windows_Distribution.md	docs/Implementation_Spec/v1.0/051_Readme_and_Windows_Distribution.md		archived because it is immutable evidence that cannot be represented safely in the living document	Distinct architectural specification/decision and acceptance context: OpenSorSe v1.0 README and Windows Distribution
docs/Implementation_Spec/v1.0/052_Live_AI_Request_Diagnostics.md	docs/Implementation_Spec/v1.0/052_Live_AI_Request_Diagnostics.md		archived because it is immutable evidence that cannot be represented safely in the living document	Distinct architectural specification/decision and acceptance context: OpenSorSe v1.0 Live AI Request Diagnostics
docs/Implementation_Spec/v1.0/IMPLEMENTATION_DECISIONS.md	docs/Implementation_Spec/v1.0/IMPLEMENTATION_DECISIONS.md		archived because it is immutable evidence that cannot be represented safely in the living document	Distinct architectural specification/decision and acceptance context: OpenSorSe v1.0 Implementation Decisions
docs/Implementation_Spec/v1.1/053_Safe_File_Operations_and_Robustness.md	docs/Implementation_Spec/v1.1/053_Safe_File_Operations_and_Robustness.md		archived because it is immutable evidence that cannot be represented safely in the living document	Distinct architectural specification/decision and acceptance context: 053 — Safe File Operations and Robustness
docs/Implementation_Spec/v1.2/054_Watched_Folders_and_Incremental_Scanning.md	docs/Implementation_Spec/v1.2/054_Watched_Folders_and_Incremental_Scanning.md		archived because it is immutable evidence that cannot be represented safely in the living document	Distinct architectural specification/decision and acceptance context: 054 — Watched Folders and Incremental Scanning
docs/Implementation_Spec/v1.3/055_Workflow_Profiles_and_Recipe_Library.md	docs/Implementation_Spec/v1.3/055_Workflow_Profiles_and_Recipe_Library.md		archived because it is immutable evidence that cannot be represented safely in the living document	Distinct architectural specification/decision and acceptance context: 055 — Workflow Profiles and Recipe Library
docs/Implementation_Spec/v1.4/056_Plugin_Foundation_and_Extension_SDK.md	docs/Implementation_Spec/v1.4/056_Plugin_Foundation_and_Extension_SDK.md		archived because it is immutable evidence that cannot be represented safely in the living document	Distinct architectural specification/decision and acceptance context: 056 — Plugin Foundation and Extension SDK
docs/Implementation_Spec/v1.5/057_Cross_Platform_Foundation_and_Linux_Preview.md	docs/Implementation_Spec/v1.5/057_Cross_Platform_Foundation_and_Linux_Preview.md		archived because it is immutable evidence that cannot be represented safely in the living document	Distinct architectural specification/decision and acceptance context: Specification 057 — Cross-Platform Foundation and Linux Preview
docs/Implementation_Spec/v1.6/058_Reliability_Performance_and_Production_Hardening.md	docs/Implementation_Spec/v1.6/058_Reliability_Performance_and_Production_Hardening.md		archived because it is immutable evidence that cannot be represented safely in the living document	Distinct architectural specification/decision and acceptance context: Specification 058: Reliability, Performance, and Production Hardening
docs/Implementation_Spec/v1.7/059_Deep_Indexing_Foundation.md	docs/Implementation_Spec/v1.7/059_Deep_Indexing_Foundation.md		archived because it is immutable evidence that cannot be represented safely in the living document	Distinct architectural specification/decision and acceptance context: 059 — Deep Indexing Foundation
docs/Implementation_Spec/v1.8/060_Search_Intelligence_Quality_and_Privacy.md	docs/Implementation_Spec/v1.8/060_Search_Intelligence_Quality_and_Privacy.md		archived because it is immutable evidence that cannot be represented safely in the living document	Distinct architectural specification/decision and acceptance context: 060 — Search Intelligence, Quality and Privacy
docs/Implementation_Spec/v1.9/061_Relationships_Context_and_Smart_Collections.md	docs/Implementation_Spec/v1.9/061_Relationships_Context_and_Smart_Collections.md		archived because it is immutable evidence that cannot be represented safely in the living document	Distinct architectural specification/decision and acceptance context: 061 — Relationships, Context and Smart Collections
docs/Implementation_Spec/v2.0/00_v2.0_Knowledge_Graph_Stability_Proposal.md	docs/Implementation_Spec/v2.0/00_v2.0_Knowledge_Graph_Stability_Proposal.md		archived because it is immutable evidence that cannot be represented safely in the living document	Distinct architectural specification/decision and acceptance context: OpenSorSe v2.0 — Knowledge Graph stability proposal
docs/Implementation_Spec/v2.0/062_Knowledge_Graph_Stability_Design.md	docs/Implementation_Spec/v2.0/062_Knowledge_Graph_Stability_Design.md		archived because it is immutable evidence that cannot be represented safely in the living document	Distinct architectural specification/decision and acceptance context: 062 — Knowledge Graph stability design
docs/Implementation_Spec/v2.0/AUTOMATED_TEST_MATRIX.md	docs/Implementation_Spec/v2.0/AUTOMATED_TEST_MATRIX.md		archived because it is immutable evidence that cannot be represented safely in the living document	Distinct architectural specification/decision and acceptance context: v2.0 Knowledge Graph automated test matrix
docs/Implementation_Spec/v2.0/CONCURRENCY_CANCELLATION_AND_RESOURCE_MODEL.md	docs/Implementation_Spec/v2.0/CONCURRENCY_CANCELLATION_AND_RESOURCE_MODEL.md		archived because it is immutable evidence that cannot be represented safely in the living document	Distinct architectural specification/decision and acceptance context: v2.0 concurrency, cancellation, shutdown, and resource model
docs/Implementation_Spec/v2.0/FAILURE_MODE_ANALYSIS.md	docs/Implementation_Spec/v2.0/FAILURE_MODE_ANALYSIS.md		archived because it is immutable evidence that cannot be represented safely in the living document	Distinct architectural specification/decision and acceptance context: v2.0 Knowledge Graph failure-mode analysis
docs/Implementation_Spec/v2.0/GRAPH_INTEGRITY_MODEL.md	docs/Implementation_Spec/v2.0/GRAPH_INTEGRITY_MODEL.md		archived because it is immutable evidence that cannot be represented safely in the living document	Distinct architectural specification/decision and acceptance context: v2.0 graph-integrity and deterministic-generation model
docs/Implementation_Spec/v2.0/MIGRATION_SAFETY_PLAN.md	docs/Implementation_Spec/v2.0/MIGRATION_SAFETY_PLAN.md		archived because it is immutable evidence that cannot be represented safely in the living document	Distinct architectural specification/decision and acceptance context: v2.0 Knowledge Graph migration safety plan
docs/Implementation_Spec/v2.0/RECOVERY_AND_REPAIR_PLAN.md	docs/Implementation_Spec/v2.0/RECOVERY_AND_REPAIR_PLAN.md		archived because it is immutable evidence that cannot be represented safely in the living document	Distinct architectural specification/decision and acceptance context: v2.0 Knowledge Graph recovery and repair plan
docs/KNOWLEDGE_GRAPH_v2.0.md	docs/KNOWLEDGE_GRAPH.md		merged and deleted	Subject content and historical scope preserved at the canonical destination; source snapshot linked by commit.
docs/LINUX_BUILD_AND_LAUNCH.md	docs/LINUX_BUILD_AND_LAUNCH.md		retained as a genuinely distinct living document	Distinct subject, navigation, policy or supporting archive index; not a repetitive version sibling.
docs/LOCAL_PLUGIN_PACKAGES_v1.4.md	docs/LOCAL_PLUGIN_PACKAGES.md		merged and deleted	Subject content and historical scope preserved at the canonical destination; source snapshot linked by commit.
docs/MAINTAINER_GUIDE.md	docs/MAINTAINER_GUIDE.md		retained as a genuinely distinct living document	Distinct subject, navigation, policy or supporting archive index; not a repetitive version sibling.
docs/MANUAL_RELEASE_TESTING.md	docs/MANUAL_TESTING.md	release-testing-procedure	merged and deleted	Subject content and historical scope preserved at the canonical destination; source snapshot linked by commit.
docs/MANUAL_TESTING_v0.9.1.md	docs/MANUAL_TESTING.md	manual-v0-9-1	merged and deleted	Subject content and historical scope preserved at the canonical destination; source snapshot linked by commit.
docs/MANUAL_TESTING_v1.0.md	docs/MANUAL_TESTING.md	manual-v1-0	merged and deleted	Subject content and historical scope preserved at the canonical destination; source snapshot linked by commit.
docs/MANUAL_TESTING_v1.1.md	docs/MANUAL_TESTING.md	manual-v1-1	merged and deleted	Subject content and historical scope preserved at the canonical destination; source snapshot linked by commit.
docs/MANUAL_TESTING_v1.2.md	docs/MANUAL_TESTING.md	manual-v1-2	merged and deleted	Subject content and historical scope preserved at the canonical destination; source snapshot linked by commit.
docs/MANUAL_TESTING_v1.3.md	docs/MANUAL_TESTING.md	manual-v1-3	merged and deleted	Subject content and historical scope preserved at the canonical destination; source snapshot linked by commit.
docs/MANUAL_TESTING_v1.4.md	docs/MANUAL_TESTING.md	manual-v1-4	merged and deleted	Subject content and historical scope preserved at the canonical destination; source snapshot linked by commit.
docs/MANUAL_TESTING_v1.5.md	docs/MANUAL_TESTING.md	manual-v1-5	merged and deleted	Subject content and historical scope preserved at the canonical destination; source snapshot linked by commit.
docs/MANUAL_TESTING_v1.6.md	docs/MANUAL_TESTING.md	manual-v1-6	merged and deleted	Subject content and historical scope preserved at the canonical destination; source snapshot linked by commit.
docs/MANUAL_TESTING_v1.7.md	docs/MANUAL_TESTING.md	manual-v1-7	merged and deleted	Subject content and historical scope preserved at the canonical destination; source snapshot linked by commit.
docs/MANUAL_TESTING_v1.8.md	docs/MANUAL_TESTING.md	manual-v1-8	merged and deleted	Subject content and historical scope preserved at the canonical destination; source snapshot linked by commit.
docs/MANUAL_TESTING_v1.9.md	docs/MANUAL_TESTING.md	manual-v1-9	merged and deleted	Subject content and historical scope preserved at the canonical destination; source snapshot linked by commit.
docs/MANUAL_TESTING_v2.0.md	docs/MANUAL_TESTING.md	manual-v2-0	merged and deleted	Subject content and historical scope preserved at the canonical destination; source snapshot linked by commit.
docs/MANUAL_TESTING_v2.1.md	docs/MANUAL_TESTING.md	manual-v2-1	merged and deleted	Subject content and historical scope preserved at the canonical destination; source snapshot linked by commit.
docs/MANUAL_TESTING_v2.10.md	docs/MANUAL_TESTING.md	manual-v2-10	merged and deleted	Subject content and historical scope preserved at the canonical destination; source snapshot linked by commit.
docs/MANUAL_TESTING_v2.11.md	docs/MANUAL_TESTING.md	manual-v2-11	merged and deleted	Subject content and historical scope preserved at the canonical destination; source snapshot linked by commit.
docs/MANUAL_TESTING_v2.12.md	docs/MANUAL_TESTING.md	manual-v2-12	merged and deleted	Subject content and historical scope preserved at the canonical destination; source snapshot linked by commit.
docs/MANUAL_TESTING_v2.13.md	docs/MANUAL_TESTING.md	manual-v2-13	merged and deleted	Subject content and historical scope preserved at the canonical destination; source snapshot linked by commit.
docs/MANUAL_TESTING_v2.2.md	docs/MANUAL_TESTING.md	manual-v2-2	merged and deleted	Subject content and historical scope preserved at the canonical destination; source snapshot linked by commit.
docs/MANUAL_TESTING_v2.3.md	docs/MANUAL_TESTING.md	manual-v2-3	merged and deleted	Subject content and historical scope preserved at the canonical destination; source snapshot linked by commit.
docs/MANUAL_TESTING_v2.4.md	docs/MANUAL_TESTING.md	manual-v2-4	merged and deleted	Subject content and historical scope preserved at the canonical destination; source snapshot linked by commit.
docs/MANUAL_TESTING_v2.5.md	docs/MANUAL_TESTING.md	manual-v2-5	merged and deleted	Subject content and historical scope preserved at the canonical destination; source snapshot linked by commit.
docs/MANUAL_TESTING_v2.6.md	docs/MANUAL_TESTING.md	manual-v2-6	merged and deleted	Subject content and historical scope preserved at the canonical destination; source snapshot linked by commit.
docs/MANUAL_TESTING_v2.7.md	docs/MANUAL_TESTING.md	manual-v2-7	merged and deleted	Subject content and historical scope preserved at the canonical destination; source snapshot linked by commit.
docs/MANUAL_TESTING_v2.8.md	docs/MANUAL_TESTING.md	manual-v2-8	merged and deleted	Subject content and historical scope preserved at the canonical destination; source snapshot linked by commit.
docs/MANUAL_TESTING_v2.9.md	docs/MANUAL_TESTING.md	manual-v2-9	merged and deleted	Subject content and historical scope preserved at the canonical destination; source snapshot linked by commit.
docs/MANUAL_TESTING_v3.0.md	docs/MANUAL_TESTING.md	manual-v3-0	merged and deleted	Subject content and historical scope preserved at the canonical destination; source snapshot linked by commit.
docs/MEDIA_INTELLIGENCE_v2.2.md	docs/MEDIA_INTELLIGENCE.md		merged and deleted	Subject content and historical scope preserved at the canonical destination; source snapshot linked by commit.
docs/MIGRATION_v1.0.md	docs/MIGRATION.md		merged and deleted	Subject content and historical scope preserved at the canonical destination; source snapshot linked by commit.
docs/OMNIBRILLE_COMPANION_HANDOFF_v2.5.md	docs/OMNIBRILLE_COMPANION_HANDOFF.md		merged and deleted	Subject content and historical scope preserved at the canonical destination; source snapshot linked by commit.
docs/OMNISORSE_TRANSITION_AND_EXPLORER_PROTOCOL_v2.4.md	docs/OMNISORSE_TRANSITION_AND_EXPLORER_PROTOCOL.md		merged and deleted	Subject content and historical scope preserved at the canonical destination; source snapshot linked by commit.
docs/OPERATIONAL_RUNBOOKS_v2.10.md	docs/OPERATIONAL_RUNBOOKS.md		merged and deleted	Subject content and historical scope preserved at the canonical destination; source snapshot linked by commit.
docs/ORGANIZE.md	docs/ORGANIZE.md		retained as a genuinely distinct living document	Distinct subject, navigation, policy or supporting archive index; not a repetitive version sibling.
docs/OWNER_REPORT_v3.0.0.md	docs/IMPLEMENTATION_HISTORY.md	implementation-v3-0-0	merged and deleted	Subject content and historical scope preserved at the canonical destination; source snapshot linked by commit.
docs/PLATFORM_COMPATIBILITY_MATRIX.md	docs/PLATFORM_COMPATIBILITY_MATRIX.md		retained as a genuinely distinct living document	Distinct subject, navigation, policy or supporting archive index; not a repetitive version sibling.
docs/PLUGIN_AUTHOR_GUIDE_v1.4.md	docs/PLUGIN_AUTHOR_GUIDE.md		merged and deleted	Subject content and historical scope preserved at the canonical destination; source snapshot linked by commit.
docs/PLUGIN_MANIFEST_REFERENCE_v1.4.md	docs/PLUGIN_MANIFEST_REFERENCE.md		merged and deleted	Subject content and historical scope preserved at the canonical destination; source snapshot linked by commit.
docs/PLUGIN_PLATFORM_COMPATIBILITY_v1.5.md	docs/PLUGIN_PLATFORM_COMPATIBILITY.md		merged and deleted	Subject content and historical scope preserved at the canonical destination; source snapshot linked by commit.
docs/PRODUCTION_HARDENING_v2.10.md	docs/PRODUCTION_HARDENING.md		merged and deleted	Subject content and historical scope preserved at the canonical destination; source snapshot linked by commit.
docs/README.md	docs/README.md		retained as a genuinely distinct living document	Distinct subject, navigation, policy or supporting archive index; not a repetitive version sibling.
docs/RELATIONSHIPS_AND_COLLECTIONS_v1.9.md	docs/RELATIONSHIPS_AND_COLLECTIONS.md		merged and deleted	Subject content and historical scope preserved at the canonical destination; source snapshot linked by commit.
docs/RELEASE_CHECKLIST_v1.0.md	docs/MAINTAINER_GUIDE.md	historical-v1-0-release-checklist	merged and deleted	Subject content and historical scope preserved at the canonical destination; source snapshot linked by commit.
docs/RELEASE_NOTES_v2.0.0.md	docs/CHANGELOG.md	release-v2-0-0	merged and deleted	Subject content and historical scope preserved at the canonical destination; source snapshot linked by commit.
docs/RELEASE_NOTES_v2.1.0.md	docs/CHANGELOG.md	release-v2-1-0	merged and deleted	Subject content and historical scope preserved at the canonical destination; source snapshot linked by commit.
docs/RELEASE_NOTES_v2.10.0.md	docs/CHANGELOG.md	release-v2-10-0	merged and deleted	Subject content and historical scope preserved at the canonical destination; source snapshot linked by commit.
docs/RELEASE_NOTES_v2.11.0.md	docs/CHANGELOG.md	release-v2-11-0	merged and deleted	Subject content and historical scope preserved at the canonical destination; source snapshot linked by commit.
docs/RELEASE_NOTES_v2.12.0.md	docs/CHANGELOG.md	release-v2-12-0	merged and deleted	Subject content and historical scope preserved at the canonical destination; source snapshot linked by commit.
docs/RELEASE_NOTES_v2.13.0.md	docs/CHANGELOG.md	release-v2-13-0	merged and deleted	Subject content and historical scope preserved at the canonical destination; source snapshot linked by commit.
docs/RELEASE_NOTES_v2.2.0.md	docs/CHANGELOG.md	release-v2-2-0	merged and deleted	Subject content and historical scope preserved at the canonical destination; source snapshot linked by commit.
docs/RELEASE_NOTES_v2.3.0.md	docs/CHANGELOG.md	release-v2-3-0	merged and deleted	Subject content and historical scope preserved at the canonical destination; source snapshot linked by commit.
docs/RELEASE_NOTES_v2.4.0.md	docs/CHANGELOG.md	release-v2-4-0	merged and deleted	Subject content and historical scope preserved at the canonical destination; source snapshot linked by commit.
docs/RELEASE_NOTES_v3.0.0.md	docs/CHANGELOG.md	release-v3-0-0	merged and deleted	Subject content and historical scope preserved at the canonical destination; source snapshot linked by commit.
docs/RELEASE_PACKAGING_v2.0.md	docs/RELEASE_PACKAGING.md		merged and deleted	Subject content and historical scope preserved at the canonical destination; source snapshot linked by commit.
docs/RELEASE_READINESS_v2.0.md	docs/RELEASE_STATUS.md	historical-v2-0-readiness	merged and deleted	Subject content and historical scope preserved at the canonical destination; source snapshot linked by commit.
docs/RELEASE_STATUS.md	docs/RELEASE_STATUS.md		retained as a genuinely distinct living document	Distinct subject, navigation, policy or supporting archive index; not a repetitive version sibling.
docs/REPOSITORY_STRUCTURE.md	docs/REPOSITORY_STRUCTURE.md		retained as a genuinely distinct living document	Distinct subject, navigation, policy or supporting archive index; not a repetitive version sibling.
docs/REVIEWED_INTELLIGENT_ORGANIZATION_v2.9.md	docs/REVIEWED_INTELLIGENT_ORGANIZATION.md		merged and deleted	Subject content and historical scope preserved at the canonical destination; source snapshot linked by commit.
docs/SAFETY_AND_PRIVACY.md	docs/SAFETY_AND_PRIVACY.md		retained as a genuinely distinct living document	Distinct subject, navigation, policy or supporting archive index; not a repetitive version sibling.
docs/SCALABLE_FACETED_DISCOVERY_v2.7.md	docs/SCALABLE_FACETED_DISCOVERY.md		merged and deleted	Subject content and historical scope preserved at the canonical destination; source snapshot linked by commit.
docs/SCREENSHOT_CHECKLIST_v2.0.md	docs/images/README.md	historical-v2-0-screenshots	merged and deleted	Subject content and historical scope preserved at the canonical destination; source snapshot linked by commit.
docs/SEARCH_AND_AI_QUALITY_v2.1.md	docs/SEARCH_AND_AI_QUALITY.md		merged and deleted	Subject content and historical scope preserved at the canonical destination; source snapshot linked by commit.
docs/SECURITY_v2.0.md	docs/SECURITY.md		merged and deleted	Subject content and historical scope preserved at the canonical destination; source snapshot linked by commit.
docs/STORAGE_MANAGEMENT_v3.md	docs/STORAGE_MANAGEMENT.md		merged and deleted	Subject content and historical scope preserved at the canonical destination; source snapshot linked by commit.
docs/SUPPORTED_RUNTIME_PLATFORM_READINESS_v2.11.md	docs/SUPPORTED_RUNTIME_PLATFORM_READINESS.md		merged and deleted	Subject content and historical scope preserved at the canonical destination; source snapshot linked by commit.
docs/TROUBLESHOOTING_v1.1.md	docs/TROUBLESHOOTING.md	support-v1-1	merged and deleted	Subject content and historical scope preserved at the canonical destination; source snapshot linked by commit.
docs/TROUBLESHOOTING_v1.2.md	docs/TROUBLESHOOTING.md	support-v1-2	merged and deleted	Subject content and historical scope preserved at the canonical destination; source snapshot linked by commit.
docs/TROUBLESHOOTING_v1.3.md	docs/TROUBLESHOOTING.md	support-v1-3	merged and deleted	Subject content and historical scope preserved at the canonical destination; source snapshot linked by commit.
docs/TROUBLESHOOTING_v1.4.md	docs/TROUBLESHOOTING.md	support-v1-4	merged and deleted	Subject content and historical scope preserved at the canonical destination; source snapshot linked by commit.
docs/TROUBLESHOOTING_v1.5.md	docs/TROUBLESHOOTING.md	support-v1-5	merged and deleted	Subject content and historical scope preserved at the canonical destination; source snapshot linked by commit.
docs/TROUBLESHOOTING_v1.6.md	docs/TROUBLESHOOTING.md	support-v1-6	merged and deleted	Subject content and historical scope preserved at the canonical destination; source snapshot linked by commit.
docs/TROUBLESHOOTING_v1.7.md	docs/TROUBLESHOOTING.md	support-v1-7	merged and deleted	Subject content and historical scope preserved at the canonical destination; source snapshot linked by commit.
docs/TROUBLESHOOTING_v1.8.md	docs/TROUBLESHOOTING.md	support-v1-8	merged and deleted	Subject content and historical scope preserved at the canonical destination; source snapshot linked by commit.
docs/TRUSTED_RELATIONSHIPS_CONTEXT_v2.12.md	docs/TRUSTED_RELATIONSHIPS_CONTEXT.md		merged and deleted	Subject content and historical scope preserved at the canonical destination; source snapshot linked by commit.
docs/USER_GUIDE_v1.1.md	docs/USER_GUIDE.md	guide-v1-1	merged and deleted	Subject content and historical scope preserved at the canonical destination; source snapshot linked by commit.
docs/USER_GUIDE_v1.2.md	docs/USER_GUIDE.md	guide-v1-2	merged and deleted	Subject content and historical scope preserved at the canonical destination; source snapshot linked by commit.
docs/USER_GUIDE_v1.3.md	docs/USER_GUIDE.md	guide-v1-3	merged and deleted	Subject content and historical scope preserved at the canonical destination; source snapshot linked by commit.
docs/USER_GUIDE_v1.4.md	docs/USER_GUIDE.md	guide-v1-4	merged and deleted	Subject content and historical scope preserved at the canonical destination; source snapshot linked by commit.
docs/USER_GUIDE_v1.5.md	docs/USER_GUIDE.md	guide-v1-5	merged and deleted	Subject content and historical scope preserved at the canonical destination; source snapshot linked by commit.
docs/USER_GUIDE_v1.6.md	docs/USER_GUIDE.md	guide-v1-6	merged and deleted	Subject content and historical scope preserved at the canonical destination; source snapshot linked by commit.
docs/USER_GUIDE_v1.7.md	docs/USER_GUIDE.md	guide-v1-7	merged and deleted	Subject content and historical scope preserved at the canonical destination; source snapshot linked by commit.
docs/USER_GUIDE_v1.8.md	docs/USER_GUIDE.md	guide-v1-8	merged and deleted	Subject content and historical scope preserved at the canonical destination; source snapshot linked by commit.
docs/USER_GUIDE_v1.9.md	docs/USER_GUIDE.md	guide-v1-9	merged and deleted	Subject content and historical scope preserved at the canonical destination; source snapshot linked by commit.
docs/V1.6_IMPLEMENTATION_REPORT.md	docs/IMPLEMENTATION_HISTORY.md	implementation-v1-6	merged and deleted	Subject content and historical scope preserved at the canonical destination; source snapshot linked by commit.
docs/V1.6_VALIDATION_REPORT.md	docs/VALIDATION.md	validation-v1-6	merged and deleted	Subject content and historical scope preserved at the canonical destination; source snapshot linked by commit.
docs/V1.7_IMPLEMENTATION_REPORT.md	docs/IMPLEMENTATION_HISTORY.md	implementation-v1-7	merged and deleted	Subject content and historical scope preserved at the canonical destination; source snapshot linked by commit.
docs/V1.7_VALIDATION_REPORT.md	docs/VALIDATION.md	validation-v1-7	merged and deleted	Subject content and historical scope preserved at the canonical destination; source snapshot linked by commit.
docs/V1.8_IMPLEMENTATION_REPORT.md	docs/IMPLEMENTATION_HISTORY.md	implementation-v1-8	merged and deleted	Subject content and historical scope preserved at the canonical destination; source snapshot linked by commit.
docs/V1.8_VALIDATION_REPORT.md	docs/VALIDATION.md	validation-v1-8	merged and deleted	Subject content and historical scope preserved at the canonical destination; source snapshot linked by commit.
docs/V1.9_IMPLEMENTATION_REPORT.md	docs/IMPLEMENTATION_HISTORY.md	implementation-v1-9	merged and deleted	Subject content and historical scope preserved at the canonical destination; source snapshot linked by commit.
docs/V1.9_VALIDATION_REPORT.md	docs/VALIDATION.md	validation-v1-9	merged and deleted	Subject content and historical scope preserved at the canonical destination; source snapshot linked by commit.
docs/V2.0_COMPATIBILITY_MATRIX.md	docs/KNOWLEDGE_GRAPH_COMPATIBILITY.md		merged and deleted	Subject content and historical scope preserved at the canonical destination; source snapshot linked by commit.
docs/V2.0_IMPLEMENTATION_REPORT.md	docs/IMPLEMENTATION_HISTORY.md	implementation-v2-0	merged and deleted	Subject content and historical scope preserved at the canonical destination; source snapshot linked by commit.
docs/V2.0_RC_STABILIZATION_PLAN.md	docs/MAINTAINER_GUIDE.md	historical-v2-0-stabilization	merged and deleted	Subject content and historical scope preserved at the canonical destination; source snapshot linked by commit.
docs/V2.0_VALIDATION_REPORT.md	docs/VALIDATION.md	validation-v2-0	merged and deleted	Subject content and historical scope preserved at the canonical destination; source snapshot linked by commit.
docs/V3_ACCEPTANCE.md	docs/ACCEPTANCE_CRITERIA.md		merged and deleted	Subject content and historical scope preserved at the canonical destination; source snapshot linked by commit.
docs/VALIDATION_v3.0.0.md	docs/VALIDATION.md	validation-v3-0-0	merged and deleted	Subject content and historical scope preserved at the canonical destination; source snapshot linked by commit.
docs/VERSION_NOTES_v1.0.md	docs/CHANGELOG.md	notes-v1-0	merged and deleted	Subject content and historical scope preserved at the canonical destination; source snapshot linked by commit.
docs/VERSION_NOTES_v1.1.md	docs/CHANGELOG.md	notes-v1-1	merged and deleted	Subject content and historical scope preserved at the canonical destination; source snapshot linked by commit.
docs/VERSION_NOTES_v1.2.md	docs/CHANGELOG.md	notes-v1-2	merged and deleted	Subject content and historical scope preserved at the canonical destination; source snapshot linked by commit.
docs/VERSION_NOTES_v1.3.md	docs/CHANGELOG.md	notes-v1-3	merged and deleted	Subject content and historical scope preserved at the canonical destination; source snapshot linked by commit.
docs/VERSION_NOTES_v1.4.md	docs/CHANGELOG.md	notes-v1-4	merged and deleted	Subject content and historical scope preserved at the canonical destination; source snapshot linked by commit.
docs/VERSION_NOTES_v1.5.md	docs/CHANGELOG.md	notes-v1-5	merged and deleted	Subject content and historical scope preserved at the canonical destination; source snapshot linked by commit.
docs/VERSION_NOTES_v1.6.md	docs/CHANGELOG.md	notes-v1-6	merged and deleted	Subject content and historical scope preserved at the canonical destination; source snapshot linked by commit.
docs/VERSION_NOTES_v1.7.md	docs/CHANGELOG.md	notes-v1-7	merged and deleted	Subject content and historical scope preserved at the canonical destination; source snapshot linked by commit.
docs/VERSION_NOTES_v1.8.md	docs/CHANGELOG.md	notes-v1-8	merged and deleted	Subject content and historical scope preserved at the canonical destination; source snapshot linked by commit.
docs/VERSION_NOTES_v1.9.md	docs/CHANGELOG.md	notes-v1-9	merged and deleted	Subject content and historical scope preserved at the canonical destination; source snapshot linked by commit.
docs/VERSION_NOTES_v2.0.md	docs/CHANGELOG.md	notes-v2-0	merged and deleted	Subject content and historical scope preserved at the canonical destination; source snapshot linked by commit.
docs/WATCHED_FOLDERS_LINUX_v1.5.md	docs/WATCHED_FOLDERS_LINUX.md		merged and deleted	Subject content and historical scope preserved at the canonical destination; source snapshot linked by commit.
docs/WORKFLOW_AND_INDEXING_QUALITY_v2.5.md	docs/WORKFLOW_AND_INDEXING_QUALITY.md		merged and deleted	Subject content and historical scope preserved at the canonical destination; source snapshot linked by commit.
docs/WORKFLOW_PORTABILITY_v1.5.md	docs/WORKFLOW_PORTABILITY.md		merged and deleted	Subject content and historical scope preserved at the canonical destination; source snapshot linked by commit.
docs/engineering/ARCHAEOLOGY_2026-08-18.md	docs/engineering/ARCHAEOLOGY_2026-08-18.md		retained as a genuinely distinct living document	Distinct subject, navigation, policy or supporting archive index; not a repetitive version sibling.
docs/engineering/ARCHITECTURE_AUTHORITY.md	docs/engineering/ARCHITECTURE_AUTHORITY.md		retained as a genuinely distinct living document	Distinct subject, navigation, policy or supporting archive index; not a repetitive version sibling.
docs/engineering/DEVELOPMENT_SYSTEM.md	docs/engineering/DEVELOPMENT_SYSTEM.md		retained as a genuinely distinct living document	Distinct subject, navigation, policy or supporting archive index; not a repetitive version sibling.
docs/engineering/LEARNING_SYSTEM.md	docs/engineering/LEARNING_SYSTEM.md		retained as a genuinely distinct living document	Distinct subject, navigation, policy or supporting archive index; not a repetitive version sibling.
docs/engineering/README.md	docs/engineering/README.md		retained as a genuinely distinct living document	Distinct subject, navigation, policy or supporting archive index; not a repetitive version sibling.
docs/engineering/RETROSPECTIVE_v3.0.0.md	docs/engineering/RETROSPECTIVE_v3.0.0.md		archived because it is immutable evidence that cannot be represented safely in the living document	Distinct dated engineering event with exact failures and provenance: Run retrospective — progressive enrichment and reviewed organization
docs/engineering/RISK_VALIDATION_MATRIX.md	docs/engineering/RISK_VALIDATION_MATRIX.md		retained as a genuinely distinct living document	Distinct subject, navigation, policy or supporting archive index; not a repetitive version sibling.
docs/engineering/reports/2026-08-18-engineering-system-validation.md	docs/engineering/reports/2026-08-18-engineering-system-validation.md		archived because it is immutable evidence that cannot be represented safely in the living document	Distinct dated engineering event with exact failures and provenance: Project-owner report — engineering-system validation
docs/engineering/reports/2026-08-18-engineering-system.md	docs/engineering/reports/2026-08-18-engineering-system.md		archived because it is immutable evidence that cannot be represented safely in the living document	Distinct dated engineering event with exact failures and provenance: Project-owner report — OmniSorSe engineering system
docs/engineering/reports/2026-08-20-macos-hosted-test-correction.md	docs/engineering/reports/2026-08-20-macos-hosted-test-correction.md		archived because it is immutable evidence that cannot be represented safely in the living document	Distinct dated engineering event with exact failures and provenance: Project-owner report — macOS hosted-test correction
docs/engineering/reports/2026-08-20-operation-reconciliation-documentation-hierarchy.md	docs/engineering/reports/2026-08-20-operation-reconciliation-documentation-hierarchy.md		archived because it is immutable evidence that cannot be represented safely in the living document	Distinct dated engineering event with exact failures and provenance: Project-owner report — operation reconciliation and documentation hierarchy
docs/engineering/reports/2026-08-20-source-publication.md	docs/engineering/reports/2026-08-20-source-publication.md		archived because it is immutable evidence that cannot be represented safely in the living document	Distinct dated engineering event with exact failures and provenance: Project-owner report — current-source publication
docs/engineering/reports/2026-08-21-public-documentation-hierarchy-audit.md	docs/engineering/reports/2026-08-21-public-documentation-hierarchy-audit.md		archived because it is immutable evidence that cannot be represented safely in the living document	Distinct dated engineering event with exact failures and provenance: Project-owner run report — public documentation hierarchy audit
docs/engineering/reports/2026-08-21-public-repository-cleanup.md	docs/engineering/reports/2026-08-21-public-repository-cleanup.md		archived because it is immutable evidence that cannot be represented safely in the living document	Distinct dated engineering event with exact failures and provenance: Project-owner run report — public repository cleanup
docs/engineering/reports/2026-09-04-product-clarity-issue-pass.md	docs/engineering/reports/2026-09-04-product-clarity-issue-pass.md		archived because it is immutable evidence that cannot be represented safely in the living document	Distinct dated engineering event with exact failures and provenance: Project-owner run report — Product Clarity & Workflow
docs/engineering/reports/2026-09-04-v2.13-catalog-cancellation-qualification.md	docs/engineering/reports/2026-09-04-v2.13-catalog-cancellation-qualification.md		archived because it is immutable evidence that cannot be represented safely in the living document	Distinct dated engineering event with exact failures and provenance: Project-owner run report — v2.13 catalog cancellation qualification
docs/engineering/retrospectives/2026-08-18-engineering-system-validation.md	docs/engineering/retrospectives/2026-08-18-engineering-system-validation.md		archived because it is immutable evidence that cannot be represented safely in the living document	Distinct dated engineering event with exact failures and provenance: Run retrospective — engineering-system validation
docs/engineering/retrospectives/2026-08-18-engineering-system.md	docs/engineering/retrospectives/2026-08-18-engineering-system.md		archived because it is immutable evidence that cannot be represented safely in the living document	Distinct dated engineering event with exact failures and provenance: Run retrospective — engineering and Codex development system
docs/engineering/retrospectives/2026-08-20-macos-hosted-test-correction.md	docs/engineering/retrospectives/2026-08-20-macos-hosted-test-correction.md		archived because it is immutable evidence that cannot be represented safely in the living document	Distinct dated engineering event with exact failures and provenance: Run retrospective — macOS hosted-test correction
docs/engineering/retrospectives/2026-08-20-operation-reconciliation-documentation-hierarchy.md	docs/engineering/retrospectives/2026-08-20-operation-reconciliation-documentation-hierarchy.md		archived because it is immutable evidence that cannot be represented safely in the living document	Distinct dated engineering event with exact failures and provenance: Run retrospective — operation reconciliation and documentation hierarchy
docs/engineering/retrospectives/2026-08-20-source-publication.md	docs/engineering/retrospectives/2026-08-20-source-publication.md		archived because it is immutable evidence that cannot be represented safely in the living document	Distinct dated engineering event with exact failures and provenance: Run retrospective — current-source publication
docs/engineering/retrospectives/2026-08-21-public-documentation-hierarchy-audit.md	docs/engineering/retrospectives/2026-08-21-public-documentation-hierarchy-audit.md		archived because it is immutable evidence that cannot be represented safely in the living document	Distinct dated engineering event with exact failures and provenance: Run retrospective — public documentation hierarchy audit
docs/engineering/retrospectives/2026-08-21-public-repository-cleanup.md	docs/engineering/retrospectives/2026-08-21-public-repository-cleanup.md		archived because it is immutable evidence that cannot be represented safely in the living document	Distinct dated engineering event with exact failures and provenance: Run retrospective — public repository cleanup
docs/engineering/retrospectives/2026-09-04-product-clarity-issue-pass.md	docs/engineering/retrospectives/2026-09-04-product-clarity-issue-pass.md		archived because it is immutable evidence that cannot be represented safely in the living document	Distinct dated engineering event with exact failures and provenance: Run retrospective — Product Clarity & Workflow issue pass
docs/engineering/retrospectives/2026-09-04-v2.13-catalog-cancellation-qualification.md	docs/engineering/retrospectives/2026-09-04-v2.13-catalog-cancellation-qualification.md		archived because it is immutable evidence that cannot be represented safely in the living document	Distinct dated engineering event with exact failures and provenance: Run retrospective — v2.13 catalog cancellation qualification
docs/engineering/retrospectives/2026-09-29-manual-release-testing.md	docs/engineering/retrospectives/2026-09-29-manual-release-testing.md		archived because it is immutable evidence that cannot be represented safely in the living document	Distinct dated engineering event with exact failures and provenance: Run retrospective — manual release-testing preparation
docs/engineering/templates/OWNER_REPORT.md	docs/engineering/templates/OWNER_REPORT.md		retained as a genuinely distinct living document	Distinct subject, navigation, policy or supporting archive index; not a repetitive version sibling.
docs/engineering/templates/RETROSPECTIVE.md	docs/engineering/templates/RETROSPECTIVE.md		retained as a genuinely distinct living document	Distinct subject, navigation, policy or supporting archive index; not a repetitive version sibling.
docs/images/README.md	docs/images/README.md		retained as a genuinely distinct living document	Distinct subject, navigation, policy or supporting archive index; not a repetitive version sibling.
docs/project_philosophy.md	docs/project_philosophy.md		retained as a genuinely distinct living document	Distinct subject, navigation, policy or supporting archive index; not a repetitive version sibling.
docs/release-testing/1.0.0-issue-draft.md	docs/release-testing/1.0.0-issue-draft.md		archived because it is immutable evidence that cannot be represented safely in the living document	Package-bound issue preparation with pinned definitions; not live results: Release manual testing — v1.0.0
docs/release-testing/2.0.0-issue-draft.md	docs/release-testing/2.0.0-issue-draft.md		archived because it is immutable evidence that cannot be represented safely in the living document	Package-bound issue preparation with pinned definitions; not live results: Release manual testing — v2.0.0
docs/release-testing/2.1.0-issue-draft.md	docs/release-testing/2.1.0-issue-draft.md		archived because it is immutable evidence that cannot be represented safely in the living document	Package-bound issue preparation with pinned definitions; not live results: Release manual testing — v2.1.0
docs/release-testing/2.12.0-rc-issue-draft.md	docs/release-testing/2.12.0-rc-issue-draft.md		archived because it is immutable evidence that cannot be represented safely in the living document	Package-bound issue preparation with pinned definitions; not live results: Release manual testing — v2.12.0-rc
docs/release-testing/2.13.0-rc-issue-draft.md	docs/release-testing/2.13.0-rc-issue-draft.md		archived because it is immutable evidence that cannot be represented safely in the living document	Package-bound issue preparation with pinned definitions; not live results: Release manual testing — v2.13.0-rc
docs/release-testing/2.2.0-issue-draft.md	docs/release-testing/2.2.0-issue-draft.md		archived because it is immutable evidence that cannot be represented safely in the living document	Package-bound issue preparation with pinned definitions; not live results: Release manual testing — v2.2.0
docs/release-testing/2.3.0-issue-draft.md	docs/release-testing/2.3.0-issue-draft.md		archived because it is immutable evidence that cannot be represented safely in the living document	Package-bound issue preparation with pinned definitions; not live results: Release manual testing — v2.3.0
docs/release-testing/2.4.0-issue-draft.md	docs/release-testing/2.4.0-issue-draft.md		archived because it is immutable evidence that cannot be represented safely in the living document	Package-bound issue preparation with pinned definitions; not live results: Release manual testing — v2.4.0
docs/release-testing/3.0.0-rc.1-issue-draft.md	docs/release-testing/3.0.0-rc.1-issue-draft.md		archived because it is immutable evidence that cannot be represented safely in the living document	Package-bound issue preparation with pinned definitions; not live results: Release preparation for **v3.0.0-rc.1**. Human acceptance has not started.
docs/release-testing/README.md	docs/release-testing/README.md		retained as a genuinely distinct living document	Living navigation or coverage router over distinct archival records; links maintained during consolidation.
docs/release-testing/coverage-map.md	docs/release-testing/coverage-map.md		retained as a genuinely distinct living document	Living navigation or coverage router over distinct archival records; links maintained during consolidation.
docs/release-testing/next-candidate-issue-draft.md	docs/release-testing/next-candidate-issue-draft.md		archived because it is immutable evidence that cannot be represented safely in the living document	Package-bound issue preparation with pinned definitions; not live results: Release manual testing — next unpublished candidate
docs/release-testing/preparation-2026-09-29.md	docs/release-testing/preparation-2026-09-29.md		archived because it is immutable evidence that cannot be represented safely in the living document	Package-bound issue preparation with pinned definitions; not live results: Manual-testing preparation evidence — 2026-09-29
docs/roadmap.md	docs/roadmap.md		retained as a genuinely distinct living document	Distinct subject, navigation, policy or supporting archive index; not a repetitive version sibling.
eng/benchmarks/VectorSearch/README.md	eng/benchmarks/VectorSearch/README.md		retained as a genuinely distinct living document	Distinct subject, navigation, policy or supporting archive index; not a repetitive version sibling.
eng/screenshots/README.md	eng/screenshots/README.md		retained as a genuinely distinct living document	Distinct subject, navigation, policy or supporting archive index; not a repetitive version sibling.
release/OpenSorSe-v1.0.0/CHANGELOG.md	release/OpenSorSe-v1.0.0/CHANGELOG.md		archived because it is immutable evidence that cannot be represented safely in the living document	Frozen distributed package and legal/provenance evidence: Changelog
release/OpenSorSe-v1.0.0/INSTALLATION.md	release/OpenSorSe-v1.0.0/INSTALLATION.md		archived because it is immutable evidence that cannot be represented safely in the living document	Frozen distributed package and legal/provenance evidence: Installing OpenSorSe 1.0 on Windows
release/OpenSorSe-v1.0.0/README.md	release/OpenSorSe-v1.0.0/README.md		archived because it is immutable evidence that cannot be represented safely in the living document	Frozen distributed package and legal/provenance evidence: OpenSorSe
release/OpenSorSe-v1.0.0/RELEASE_NOTES.md	release/OpenSorSe-v1.0.0/RELEASE_NOTES.md		archived because it is immutable evidence that cannot be represented safely in the living document	Frozen distributed package and legal/provenance evidence: OpenSorSe 1.0.0 Version Notes
release/OpenSorSe-v1.0.0/THIRD_PARTY_NOTICES.md	release/OpenSorSe-v1.0.0/THIRD_PARTY_NOTICES.md		archived because it is immutable evidence that cannot be represented safely in the living document	Frozen distributed package and legal/provenance evidence: Third-Party Notices
release/OpenSorSe-v1.0.0/docs/Architecture/00_System/00_Overview.md	release/OpenSorSe-v1.0.0/docs/Architecture/00_System/00_Overview.md		archived because it is immutable evidence that cannot be represented safely in the living document	Frozen distributed package and legal/provenance evidence: OpenSorSe 1.0 System Overview
release/OpenSorSe-v1.0.0/docs/Architecture/00_System/01_System_Goals.md	release/OpenSorSe-v1.0.0/docs/Architecture/00_System/01_System_Goals.md		archived because it is immutable evidence that cannot be represented safely in the living document	Frozen distributed package and legal/provenance evidence: OpenSorSe 1.0 System Goals
release/OpenSorSe-v1.0.0/docs/Architecture/00_System/02_Design_principle.md	release/OpenSorSe-v1.0.0/docs/Architecture/00_System/02_Design_principle.md		archived because it is immutable evidence that cannot be represented safely in the living document	Frozen distributed package and legal/provenance evidence: Design Principles
release/OpenSorSe-v1.0.0/docs/Architecture/00_System/03_Component_Map.md	release/OpenSorSe-v1.0.0/docs/Architecture/00_System/03_Component_Map.md		archived because it is immutable evidence that cannot be represented safely in the living document	Frozen distributed package and legal/provenance evidence: OpenSorSe 1.0 Component Map
release/OpenSorSe-v1.0.0/docs/Architecture/00_System/04_Data_Flow.md	release/OpenSorSe-v1.0.0/docs/Architecture/00_System/04_Data_Flow.md		archived because it is immutable evidence that cannot be represented safely in the living document	Frozen distributed package and legal/provenance evidence: OpenSorSe 1.0 Data Flow
release/OpenSorSe-v1.0.0/docs/Architecture/00_System/05_Event_Flow.md	release/OpenSorSe-v1.0.0/docs/Architecture/00_System/05_Event_Flow.md		archived because it is immutable evidence that cannot be represented safely in the living document	Frozen distributed package and legal/provenance evidence: Event Flow
release/OpenSorSe-v1.0.0/docs/Architecture/00_System/06_User_Flow.md	release/OpenSorSe-v1.0.0/docs/Architecture/00_System/06_User_Flow.md		archived because it is immutable evidence that cannot be represented safely in the living document	Frozen distributed package and legal/provenance evidence: OpenSorSe 1.0 User Flow
release/OpenSorSe-v1.0.0/docs/Architecture/00_System/07_Deployment.md	release/OpenSorSe-v1.0.0/docs/Architecture/00_System/07_Deployment.md		archived because it is immutable evidence that cannot be represented safely in the living document	Frozen distributed package and legal/provenance evidence: Deployment
release/OpenSorSe-v1.0.0/docs/Architecture/01_Core/00_Overview.md	release/OpenSorSe-v1.0.0/docs/Architecture/01_Core/00_Overview.md		archived because it is immutable evidence that cannot be represented safely in the living document	Frozen distributed package and legal/provenance evidence: Core Overview
release/OpenSorSe-v1.0.0/docs/Architecture/01_Core/01_Application.md	release/OpenSorSe-v1.0.0/docs/Architecture/01_Core/01_Application.md		archived because it is immutable evidence that cannot be represented safely in the living document	Frozen distributed package and legal/provenance evidence: Application
release/OpenSorSe-v1.0.0/docs/Architecture/01_Core/02_Configuration.md	release/OpenSorSe-v1.0.0/docs/Architecture/01_Core/02_Configuration.md		archived because it is immutable evidence that cannot be represented safely in the living document	Frozen distributed package and legal/provenance evidence: Configuration
release/OpenSorSe-v1.0.0/docs/Architecture/01_Core/03_Logging.md	release/OpenSorSe-v1.0.0/docs/Architecture/01_Core/03_Logging.md		archived because it is immutable evidence that cannot be represented safely in the living document	Frozen distributed package and legal/provenance evidence: Logging
release/OpenSorSe-v1.0.0/docs/Architecture/01_Core/04_Event_Bus.md	release/OpenSorSe-v1.0.0/docs/Architecture/01_Core/04_Event_Bus.md		archived because it is immutable evidence that cannot be represented safely in the living document	Frozen distributed package and legal/provenance evidence: Event Bus
release/OpenSorSe-v1.0.0/docs/Architecture/01_Core/05_Service_Registry.md	release/OpenSorSe-v1.0.0/docs/Architecture/01_Core/05_Service_Registry.md		archived because it is immutable evidence that cannot be represented safely in the living document	Frozen distributed package and legal/provenance evidence: Service Registry
release/OpenSorSe-v1.0.0/docs/Architecture/01_Core/06_Application_State.md	release/OpenSorSe-v1.0.0/docs/Architecture/01_Core/06_Application_State.md		archived because it is immutable evidence that cannot be represented safely in the living document	Frozen distributed package and legal/provenance evidence: Application State
release/OpenSorSe-v1.0.0/docs/Architecture/01_Core/07_Task_Manager.md	release/OpenSorSe-v1.0.0/docs/Architecture/01_Core/07_Task_Manager.md		archived because it is immutable evidence that cannot be represented safely in the living document	Frozen distributed package and legal/provenance evidence: Task Manager
release/OpenSorSe-v1.0.0/docs/Architecture/01_Core/08_Utilities.md	release/OpenSorSe-v1.0.0/docs/Architecture/01_Core/08_Utilities.md		archived because it is immutable evidence that cannot be represented safely in the living document	Frozen distributed package and legal/provenance evidence: Utilities
release/OpenSorSe-v1.0.0/docs/Architecture/01_Core/09_Error_Handling.md	release/OpenSorSe-v1.0.0/docs/Architecture/01_Core/09_Error_Handling.md		archived because it is immutable evidence that cannot be represented safely in the living document	Frozen distributed package and legal/provenance evidence: Error Handling
release/OpenSorSe-v1.0.0/docs/Architecture/01_Core/10_Advanced_Diagnostics.md	release/OpenSorSe-v1.0.0/docs/Architecture/01_Core/10_Advanced_Diagnostics.md		archived because it is immutable evidence that cannot be represented safely in the living document	Frozen distributed package and legal/provenance evidence: Unified Advanced Diagnostics
release/OpenSorSe-v1.0.0/docs/Architecture/02_Scanner/00_Overview.md	release/OpenSorSe-v1.0.0/docs/Architecture/02_Scanner/00_Overview.md		archived because it is immutable evidence that cannot be represented safely in the living document	Frozen distributed package and legal/provenance evidence: Scanner Overview
release/OpenSorSe-v1.0.0/docs/Architecture/02_Scanner/01_Folder_Scanner.md	release/OpenSorSe-v1.0.0/docs/Architecture/02_Scanner/01_Folder_Scanner.md		archived because it is immutable evidence that cannot be represented safely in the living document	Frozen distributed package and legal/provenance evidence: Folder Scanner
release/OpenSorSe-v1.0.0/docs/Architecture/02_Scanner/02_File_Discovery.md	release/OpenSorSe-v1.0.0/docs/Architecture/02_Scanner/02_File_Discovery.md		archived because it is immutable evidence that cannot be represented safely in the living document	Frozen distributed package and legal/provenance evidence: File Discovery
release/OpenSorSe-v1.0.0/docs/Architecture/02_Scanner/03_Metdata_reader.md	release/OpenSorSe-v1.0.0/docs/Architecture/02_Scanner/03_Metdata_reader.md		archived because it is immutable evidence that cannot be represented safely in the living document	Frozen distributed package and legal/provenance evidence: Metadata Reader
release/OpenSorSe-v1.0.0/docs/Architecture/02_Scanner/04_File_Hashing.md	release/OpenSorSe-v1.0.0/docs/Architecture/02_Scanner/04_File_Hashing.md		archived because it is immutable evidence that cannot be represented safely in the living document	Frozen distributed package and legal/provenance evidence: File Hashing
release/OpenSorSe-v1.0.0/docs/Architecture/02_Scanner/05_Duplicate_Detection.md	release/OpenSorSe-v1.0.0/docs/Architecture/02_Scanner/05_Duplicate_Detection.md		archived because it is immutable evidence that cannot be represented safely in the living document	Frozen distributed package and legal/provenance evidence: Duplicate Detection
release/OpenSorSe-v1.0.0/docs/Architecture/02_Scanner/06_Progress_Tracking.md	release/OpenSorSe-v1.0.0/docs/Architecture/02_Scanner/06_Progress_Tracking.md		archived because it is immutable evidence that cannot be represented safely in the living document	Frozen distributed package and legal/provenance evidence: Progress Tracking
release/OpenSorSe-v1.0.0/docs/Architecture/02_Scanner/07_Cancellation.md	release/OpenSorSe-v1.0.0/docs/Architecture/02_Scanner/07_Cancellation.md		archived because it is immutable evidence that cannot be represented safely in the living document	Frozen distributed package and legal/provenance evidence: Cancellation
release/OpenSorSe-v1.0.0/docs/Architecture/02_Scanner/08_Error_Handling.md	release/OpenSorSe-v1.0.0/docs/Architecture/02_Scanner/08_Error_Handling.md		archived because it is immutable evidence that cannot be represented safely in the living document	Frozen distributed package and legal/provenance evidence: Error Handling
release/OpenSorSe-v1.0.0/docs/Architecture/03_Readers/00_Overview.md	release/OpenSorSe-v1.0.0/docs/Architecture/03_Readers/00_Overview.md		archived because it is immutable evidence that cannot be represented safely in the living document	Frozen distributed package and legal/provenance evidence: Readers Overview
release/OpenSorSe-v1.0.0/docs/Architecture/03_Readers/01_pdf.md	release/OpenSorSe-v1.0.0/docs/Architecture/03_Readers/01_pdf.md		archived because it is immutable evidence that cannot be represented safely in the living document	Frozen distributed package and legal/provenance evidence: PDF Reader
release/OpenSorSe-v1.0.0/docs/Architecture/03_Readers/02_DOCX.md	release/OpenSorSe-v1.0.0/docs/Architecture/03_Readers/02_DOCX.md		archived because it is immutable evidence that cannot be represented safely in the living document	Frozen distributed package and legal/provenance evidence: DOCX Reader
release/OpenSorSe-v1.0.0/docs/Architecture/03_Readers/03_Excel.md	release/OpenSorSe-v1.0.0/docs/Architecture/03_Readers/03_Excel.md		archived because it is immutable evidence that cannot be represented safely in the living document	Frozen distributed package and legal/provenance evidence: Excel Reader
release/OpenSorSe-v1.0.0/docs/Architecture/03_Readers/04_Text.md	release/OpenSorSe-v1.0.0/docs/Architecture/03_Readers/04_Text.md		archived because it is immutable evidence that cannot be represented safely in the living document	Frozen distributed package and legal/provenance evidence: Text Reader
release/OpenSorSe-v1.0.0/docs/Architecture/03_Readers/05_Images.md	release/OpenSorSe-v1.0.0/docs/Architecture/03_Readers/05_Images.md		archived because it is immutable evidence that cannot be represented safely in the living document	Frozen distributed package and legal/provenance evidence: Image Reader
release/OpenSorSe-v1.0.0/docs/Architecture/03_Readers/06_Audio.md	release/OpenSorSe-v1.0.0/docs/Architecture/03_Readers/06_Audio.md		archived because it is immutable evidence that cannot be represented safely in the living document	Frozen distributed package and legal/provenance evidence: Audio Reader
release/OpenSorSe-v1.0.0/docs/Architecture/03_Readers/07_Video.md	release/OpenSorSe-v1.0.0/docs/Architecture/03_Readers/07_Video.md		archived because it is immutable evidence that cannot be represented safely in the living document	Frozen distributed package and legal/provenance evidence: Video Reader
release/OpenSorSe-v1.0.0/docs/Architecture/03_Readers/08_Archives.md	release/OpenSorSe-v1.0.0/docs/Architecture/03_Readers/08_Archives.md		archived because it is immutable evidence that cannot be represented safely in the living document	Frozen distributed package and legal/provenance evidence: Archive Reader
release/OpenSorSe-v1.0.0/docs/Architecture/03_Readers/09_OCR.md	release/OpenSorSe-v1.0.0/docs/Architecture/03_Readers/09_OCR.md		archived because it is immutable evidence that cannot be represented safely in the living document	Frozen distributed package and legal/provenance evidence: OCR
release/OpenSorSe-v1.0.0/docs/Architecture/03_Readers/10_v1_OCR_and_Metadata.md	release/OpenSorSe-v1.0.0/docs/Architecture/03_Readers/10_v1_OCR_and_Metadata.md		archived because it is immutable evidence that cannot be represented safely in the living document	Frozen distributed package and legal/provenance evidence: v1.0 OCR and Metadata Extraction
release/OpenSorSe-v1.0.0/docs/Architecture/04_AI/00_Overview.md	release/OpenSorSe-v1.0.0/docs/Architecture/04_AI/00_Overview.md		archived because it is immutable evidence that cannot be represented safely in the living document	Frozen distributed package and legal/provenance evidence: AI Overview
release/OpenSorSe-v1.0.0/docs/Architecture/04_AI/01_AI_Manager.md	release/OpenSorSe-v1.0.0/docs/Architecture/04_AI/01_AI_Manager.md		archived because it is immutable evidence that cannot be represented safely in the living document	Frozen distributed package and legal/provenance evidence: AI Manager
release/OpenSorSe-v1.0.0/docs/Architecture/04_AI/02_Model_Providers.md	release/OpenSorSe-v1.0.0/docs/Architecture/04_AI/02_Model_Providers.md		archived because it is immutable evidence that cannot be represented safely in the living document	Frozen distributed package and legal/provenance evidence: Model Providers
release/OpenSorSe-v1.0.0/docs/Architecture/04_AI/03_Prompt_Engine.md	release/OpenSorSe-v1.0.0/docs/Architecture/04_AI/03_Prompt_Engine.md		archived because it is immutable evidence that cannot be represented safely in the living document	Frozen distributed package and legal/provenance evidence: Prompt Engine
release/OpenSorSe-v1.0.0/docs/Architecture/04_AI/04_Document_classification.md	release/OpenSorSe-v1.0.0/docs/Architecture/04_AI/04_Document_classification.md		archived because it is immutable evidence that cannot be represented safely in the living document	Frozen distributed package and legal/provenance evidence: Document Classification
release/OpenSorSe-v1.0.0/docs/Architecture/04_AI/05_Summarization.md	release/OpenSorSe-v1.0.0/docs/Architecture/04_AI/05_Summarization.md		archived because it is immutable evidence that cannot be represented safely in the living document	Frozen distributed package and legal/provenance evidence: Summarization
release/OpenSorSe-v1.0.0/docs/Architecture/04_AI/06_Renaming.md	release/OpenSorSe-v1.0.0/docs/Architecture/04_AI/06_Renaming.md		archived because it is immutable evidence that cannot be represented safely in the living document	Frozen distributed package and legal/provenance evidence: Renaming
release/OpenSorSe-v1.0.0/docs/Architecture/04_AI/07_Folder_Suggestions.md	release/OpenSorSe-v1.0.0/docs/Architecture/04_AI/07_Folder_Suggestions.md		archived because it is immutable evidence that cannot be represented safely in the living document	Frozen distributed package and legal/provenance evidence: Folder Suggestions
release/OpenSorSe-v1.0.0/docs/Architecture/04_AI/08_Embeddings.md	release/OpenSorSe-v1.0.0/docs/Architecture/04_AI/08_Embeddings.md		archived because it is immutable evidence that cannot be represented safely in the living document	Frozen distributed package and legal/provenance evidence: Embeddings
release/OpenSorSe-v1.0.0/docs/Architecture/04_AI/09_Vector_Search.md	release/OpenSorSe-v1.0.0/docs/Architecture/04_AI/09_Vector_Search.md		archived because it is immutable evidence that cannot be represented safely in the living document	Frozen distributed package and legal/provenance evidence: Vector Search
release/OpenSorSe-v1.0.0/docs/Architecture/04_AI/10_Caching.md	release/OpenSorSe-v1.0.0/docs/Architecture/04_AI/10_Caching.md		archived because it is immutable evidence that cannot be represented safely in the living document	Frozen distributed package and legal/provenance evidence: Caching
release/OpenSorSe-v1.0.0/docs/Architecture/04_AI/11_Small_Model_Prompt_Contracts.md	release/OpenSorSe-v1.0.0/docs/Architecture/04_AI/11_Small_Model_Prompt_Contracts.md		archived because it is immutable evidence that cannot be represented safely in the living document	Frozen distributed package and legal/provenance evidence: Small-model Prompt Contracts
release/OpenSorSe-v1.0.0/docs/Architecture/05_Database/00_Overview.md	release/OpenSorSe-v1.0.0/docs/Architecture/05_Database/00_Overview.md		archived because it is immutable evidence that cannot be represented safely in the living document	Frozen distributed package and legal/provenance evidence: Database Overview
release/OpenSorSe-v1.0.0/docs/Architecture/05_Database/01_SQLite.md	release/OpenSorSe-v1.0.0/docs/Architecture/05_Database/01_SQLite.md		archived because it is immutable evidence that cannot be represented safely in the living document	Frozen distributed package and legal/provenance evidence: SQLite
release/OpenSorSe-v1.0.0/docs/Architecture/05_Database/02_Schema.md	release/OpenSorSe-v1.0.0/docs/Architecture/05_Database/02_Schema.md		archived because it is immutable evidence that cannot be represented safely in the living document	Frozen distributed package and legal/provenance evidence: Schema
release/OpenSorSe-v1.0.0/docs/Architecture/05_Database/03_Migrations.md	release/OpenSorSe-v1.0.0/docs/Architecture/05_Database/03_Migrations.md		archived because it is immutable evidence that cannot be represented safely in the living document	Frozen distributed package and legal/provenance evidence: Migrations
release/OpenSorSe-v1.0.0/docs/Architecture/05_Database/04_Metadata.md	release/OpenSorSe-v1.0.0/docs/Architecture/05_Database/04_Metadata.md		archived because it is immutable evidence that cannot be represented safely in the living document	Frozen distributed package and legal/provenance evidence: Metadata
release/OpenSorSe-v1.0.0/docs/Architecture/05_Database/05_History.md	release/OpenSorSe-v1.0.0/docs/Architecture/05_Database/05_History.md		archived because it is immutable evidence that cannot be represented safely in the living document	Frozen distributed package and legal/provenance evidence: History
release/OpenSorSe-v1.0.0/docs/Architecture/05_Database/06_Settings.md	release/OpenSorSe-v1.0.0/docs/Architecture/05_Database/06_Settings.md		archived because it is immutable evidence that cannot be represented safely in the living document	Frozen distributed package and legal/provenance evidence: Settings
release/OpenSorSe-v1.0.0/docs/Architecture/05_Database/07_Cache.md	release/OpenSorSe-v1.0.0/docs/Architecture/05_Database/07_Cache.md		archived because it is immutable evidence that cannot be represented safely in the living document	Frozen distributed package and legal/provenance evidence: Cache
release/OpenSorSe-v1.0.0/docs/Architecture/05_Database/08_Backups.md	release/OpenSorSe-v1.0.0/docs/Architecture/05_Database/08_Backups.md		archived because it is immutable evidence that cannot be represented safely in the living document	Frozen distributed package and legal/provenance evidence: Backups
release/OpenSorSe-v1.0.0/docs/Architecture/05_Database/09_v1_Local_Content_Stores_and_Migrations.md	release/OpenSorSe-v1.0.0/docs/Architecture/05_Database/09_v1_Local_Content_Stores_and_Migrations.md		archived because it is immutable evidence that cannot be represented safely in the living document	Frozen distributed package and legal/provenance evidence: v1.0 Local Content Stores and Migrations
release/OpenSorSe-v1.0.0/docs/Architecture/06_Search/00_Overview.md	release/OpenSorSe-v1.0.0/docs/Architecture/06_Search/00_Overview.md		archived because it is immutable evidence that cannot be represented safely in the living document	Frozen distributed package and legal/provenance evidence: Search Overview
release/OpenSorSe-v1.0.0/docs/Architecture/06_Search/01_Keyword_Search.md	release/OpenSorSe-v1.0.0/docs/Architecture/06_Search/01_Keyword_Search.md		archived because it is immutable evidence that cannot be represented safely in the living document	Frozen distributed package and legal/provenance evidence: Keyword Search
release/OpenSorSe-v1.0.0/docs/Architecture/06_Search/02_Semantic_Search.md	release/OpenSorSe-v1.0.0/docs/Architecture/06_Search/02_Semantic_Search.md		archived because it is immutable evidence that cannot be represented safely in the living document	Frozen distributed package and legal/provenance evidence: Semantic Search
release/OpenSorSe-v1.0.0/docs/Architecture/06_Search/03_Filtering.md	release/OpenSorSe-v1.0.0/docs/Architecture/06_Search/03_Filtering.md		archived because it is immutable evidence that cannot be represented safely in the living document	Frozen distributed package and legal/provenance evidence: Filtering
release/OpenSorSe-v1.0.0/docs/Architecture/06_Search/04_Ranking.md	release/OpenSorSe-v1.0.0/docs/Architecture/06_Search/04_Ranking.md		archived because it is immutable evidence that cannot be represented safely in the living document	Frozen distributed package and legal/provenance evidence: Ranking
release/OpenSorSe-v1.0.0/docs/Architecture/06_Search/05_Tagging.md	release/OpenSorSe-v1.0.0/docs/Architecture/06_Search/05_Tagging.md		archived because it is immutable evidence that cannot be represented safely in the living document	Frozen distributed package and legal/provenance evidence: Tagging
release/OpenSorSe-v1.0.0/docs/Architecture/06_Search/06_Indexing.md	release/OpenSorSe-v1.0.0/docs/Architecture/06_Search/06_Indexing.md		archived because it is immutable evidence that cannot be represented safely in the living document	Frozen distributed package and legal/provenance evidence: Indexing
release/OpenSorSe-v1.0.0/docs/Architecture/06_Search/07_v1_Semantic_Index.md	release/OpenSorSe-v1.0.0/docs/Architecture/06_Search/07_v1_Semantic_Index.md		archived because it is immutable evidence that cannot be represented safely in the living document	Frozen distributed package and legal/provenance evidence: v1.0 Semantic Search Beta
release/OpenSorSe-v1.0.0/docs/Architecture/06_Search/08_v1_Tag_Provenance.md	release/OpenSorSe-v1.0.0/docs/Architecture/06_Search/08_v1_Tag_Provenance.md		archived because it is immutable evidence that cannot be represented safely in the living document	Frozen distributed package and legal/provenance evidence: v1.0 Tag Provenance
release/OpenSorSe-v1.0.0/docs/Architecture/07-Rules/00_Overview.md	release/OpenSorSe-v1.0.0/docs/Architecture/07-Rules/00_Overview.md		archived because it is immutable evidence that cannot be represented safely in the living document	Frozen distributed package and legal/provenance evidence: Rules Overview
release/OpenSorSe-v1.0.0/docs/Architecture/07-Rules/01_Rule_Engine.md	release/OpenSorSe-v1.0.0/docs/Architecture/07-Rules/01_Rule_Engine.md		archived because it is immutable evidence that cannot be represented safely in the living document	Frozen distributed package and legal/provenance evidence: Rule Engine
release/OpenSorSe-v1.0.0/docs/Architecture/07-Rules/02_Conditions.md	release/OpenSorSe-v1.0.0/docs/Architecture/07-Rules/02_Conditions.md		archived because it is immutable evidence that cannot be represented safely in the living document	Frozen distributed package and legal/provenance evidence: Conditions
release/OpenSorSe-v1.0.0/docs/Architecture/07-Rules/03_Actions.md	release/OpenSorSe-v1.0.0/docs/Architecture/07-Rules/03_Actions.md		archived because it is immutable evidence that cannot be represented safely in the living document	Frozen distributed package and legal/provenance evidence: Actions
release/OpenSorSe-v1.0.0/docs/Architecture/07-Rules/04_Execution.md	release/OpenSorSe-v1.0.0/docs/Architecture/07-Rules/04_Execution.md		archived because it is immutable evidence that cannot be represented safely in the living document	Frozen distributed package and legal/provenance evidence: Execution
release/OpenSorSe-v1.0.0/docs/Architecture/07-Rules/05_User_Rules.md	release/OpenSorSe-v1.0.0/docs/Architecture/07-Rules/05_User_Rules.md		archived because it is immutable evidence that cannot be represented safely in the living document	Frozen distributed package and legal/provenance evidence: User Rules
release/OpenSorSe-v1.0.0/docs/Architecture/07-Rules/06_Restructuring_History.md	release/OpenSorSe-v1.0.0/docs/Architecture/07-Rules/06_Restructuring_History.md		archived because it is immutable evidence that cannot be represented safely in the living document	Frozen distributed package and legal/provenance evidence: v1.0 Restructuring History and Protection
release/OpenSorSe-v1.0.0/docs/Architecture/08_Gui/00_Overview.md	release/OpenSorSe-v1.0.0/docs/Architecture/08_Gui/00_Overview.md		archived because it is immutable evidence that cannot be represented safely in the living document	Frozen distributed package and legal/provenance evidence: GUI Overview
release/OpenSorSe-v1.0.0/docs/Architecture/08_Gui/01_Main_Window.md	release/OpenSorSe-v1.0.0/docs/Architecture/08_Gui/01_Main_Window.md		archived because it is immutable evidence that cannot be represented safely in the living document	Frozen distributed package and legal/provenance evidence: Main Window
release/OpenSorSe-v1.0.0/docs/Architecture/08_Gui/02_Dashboard.md	release/OpenSorSe-v1.0.0/docs/Architecture/08_Gui/02_Dashboard.md		archived because it is immutable evidence that cannot be represented safely in the living document	Frozen distributed package and legal/provenance evidence: Dashboard
release/OpenSorSe-v1.0.0/docs/Architecture/08_Gui/03_Scanner_page.md	release/OpenSorSe-v1.0.0/docs/Architecture/08_Gui/03_Scanner_page.md		archived because it is immutable evidence that cannot be represented safely in the living document	Frozen distributed package and legal/provenance evidence: Scanner Page
release/OpenSorSe-v1.0.0/docs/Architecture/08_Gui/04_Results_Page.md	release/OpenSorSe-v1.0.0/docs/Architecture/08_Gui/04_Results_Page.md		archived because it is immutable evidence that cannot be represented safely in the living document	Frozen distributed package and legal/provenance evidence: Results Explorer and Duplicate View
release/OpenSorSe-v1.0.0/docs/Architecture/08_Gui/05_History_Page.md	release/OpenSorSe-v1.0.0/docs/Architecture/08_Gui/05_History_Page.md		archived because it is immutable evidence that cannot be represented safely in the living document	Frozen distributed package and legal/provenance evidence: History Page
release/OpenSorSe-v1.0.0/docs/Architecture/08_Gui/06_Settings_PAge.md	release/OpenSorSe-v1.0.0/docs/Architecture/08_Gui/06_Settings_PAge.md		archived because it is immutable evidence that cannot be represented safely in the living document	Frozen distributed package and legal/provenance evidence: Settings Page
release/OpenSorSe-v1.0.0/docs/Architecture/08_Gui/07_Reports_Page.md	release/OpenSorSe-v1.0.0/docs/Architecture/08_Gui/07_Reports_Page.md		archived because it is immutable evidence that cannot be represented safely in the living document	Frozen distributed package and legal/provenance evidence: Reports Page
release/OpenSorSe-v1.0.0/docs/Architecture/08_Gui/08_Dialogs.md	release/OpenSorSe-v1.0.0/docs/Architecture/08_Gui/08_Dialogs.md		archived because it is immutable evidence that cannot be represented safely in the living document	Frozen distributed package and legal/provenance evidence: Dialogs
release/OpenSorSe-v1.0.0/docs/Architecture/08_Gui/09_Notifications.md	release/OpenSorSe-v1.0.0/docs/Architecture/08_Gui/09_Notifications.md		archived because it is immutable evidence that cannot be represented safely in the living document	Frozen distributed package and legal/provenance evidence: Notifications
release/OpenSorSe-v1.0.0/docs/Architecture/08_Gui/10_Themes.md	release/OpenSorSe-v1.0.0/docs/Architecture/08_Gui/10_Themes.md		archived because it is immutable evidence that cannot be represented safely in the living document	Frozen distributed package and legal/provenance evidence: Themes
release/OpenSorSe-v1.0.0/docs/Architecture/08_Gui/11_Catalog_Page.md	release/OpenSorSe-v1.0.0/docs/Architecture/08_Gui/11_Catalog_Page.md		archived because it is immutable evidence that cannot be represented safely in the living document	Frozen distributed package and legal/provenance evidence: Catalog and Catalog Search Pages
release/OpenSorSe-v1.0.0/docs/Architecture/08_Gui/12_Catalog_Comparison_Page.md	release/OpenSorSe-v1.0.0/docs/Architecture/08_Gui/12_Catalog_Comparison_Page.md		archived because it is immutable evidence that cannot be represented safely in the living document	Frozen distributed package and legal/provenance evidence: Catalog Comparison Page
release/OpenSorSe-v1.0.0/docs/Architecture/08_Gui/13_Structure_History.md	release/OpenSorSe-v1.0.0/docs/Architecture/08_Gui/13_Structure_History.md		archived because it is immutable evidence that cannot be represented safely in the living document	Frozen distributed package and legal/provenance evidence: Structure History Page
release/OpenSorSe-v1.0.0/docs/Architecture/09_Reports/00_Overview.md	release/OpenSorSe-v1.0.0/docs/Architecture/09_Reports/00_Overview.md		archived because it is immutable evidence that cannot be represented safely in the living document	Frozen distributed package and legal/provenance evidence: Reports Overview
release/OpenSorSe-v1.0.0/docs/Architecture/09_Reports/01_Statistics.md	release/OpenSorSe-v1.0.0/docs/Architecture/09_Reports/01_Statistics.md		archived because it is immutable evidence that cannot be represented safely in the living document	Frozen distributed package and legal/provenance evidence: Statistics
release/OpenSorSe-v1.0.0/docs/Architecture/09_Reports/02_Cleanup_Report.md	release/OpenSorSe-v1.0.0/docs/Architecture/09_Reports/02_Cleanup_Report.md		archived because it is immutable evidence that cannot be represented safely in the living document	Frozen distributed package and legal/provenance evidence: Cleanup Report
release/OpenSorSe-v1.0.0/docs/Architecture/09_Reports/03_Duplicates_Report.md	release/OpenSorSe-v1.0.0/docs/Architecture/09_Reports/03_Duplicates_Report.md		archived because it is immutable evidence that cannot be represented safely in the living document	Frozen distributed package and legal/provenance evidence: Duplicates Report
release/OpenSorSe-v1.0.0/docs/Architecture/09_Reports/04_AI_Report.md	release/OpenSorSe-v1.0.0/docs/Architecture/09_Reports/04_AI_Report.md		archived because it is immutable evidence that cannot be represented safely in the living document	Frozen distributed package and legal/provenance evidence: AI Report
release/OpenSorSe-v1.0.0/docs/Architecture/09_Reports/05_Export.md	release/OpenSorSe-v1.0.0/docs/Architecture/09_Reports/05_Export.md		archived because it is immutable evidence that cannot be represented safely in the living document	Frozen distributed package and legal/provenance evidence: Export
release/OpenSorSe-v1.0.0/docs/Architecture/10_Plugins/00_Overview.md	release/OpenSorSe-v1.0.0/docs/Architecture/10_Plugins/00_Overview.md		archived because it is immutable evidence that cannot be represented safely in the living document	Frozen distributed package and legal/provenance evidence: Plugins Overview
release/OpenSorSe-v1.0.0/docs/Architecture/10_Plugins/01_Plugin_API.md	release/OpenSorSe-v1.0.0/docs/Architecture/10_Plugins/01_Plugin_API.md		archived because it is immutable evidence that cannot be represented safely in the living document	Frozen distributed package and legal/provenance evidence: Plugin API
release/OpenSorSe-v1.0.0/docs/Architecture/10_Plugins/02_Discovery.md	release/OpenSorSe-v1.0.0/docs/Architecture/10_Plugins/02_Discovery.md		archived because it is immutable evidence that cannot be represented safely in the living document	Frozen distributed package and legal/provenance evidence: Discovery
release/OpenSorSe-v1.0.0/docs/Architecture/10_Plugins/03_Loading.md	release/OpenSorSe-v1.0.0/docs/Architecture/10_Plugins/03_Loading.md		archived because it is immutable evidence that cannot be represented safely in the living document	Frozen distributed package and legal/provenance evidence: Loading
release/OpenSorSe-v1.0.0/docs/Architecture/10_Plugins/04_Lifecycle.md	release/OpenSorSe-v1.0.0/docs/Architecture/10_Plugins/04_Lifecycle.md		archived because it is immutable evidence that cannot be represented safely in the living document	Frozen distributed package and legal/provenance evidence: Lifecycle
release/OpenSorSe-v1.0.0/docs/Architecture/10_Plugins/05_Security.md	release/OpenSorSe-v1.0.0/docs/Architecture/10_Plugins/05_Security.md		archived because it is immutable evidence that cannot be represented safely in the living document	Frozen distributed package and legal/provenance evidence: Security
release/OpenSorSe-v1.0.0/docs/Architecture/99_Appendix/ADR-001_Optional_Ollama_Suggestions.md	release/OpenSorSe-v1.0.0/docs/Architecture/99_Appendix/ADR-001_Optional_Ollama_Suggestions.md		archived because it is immutable evidence that cannot be represented safely in the living document	Accepted architectural decision with stable identifier and rationale; immutable decision record, linked through the living ADR index.
release/OpenSorSe-v1.0.0/docs/Architecture/99_Appendix/ADR-002_Bounded_Saved_Query_Persistence.md	release/OpenSorSe-v1.0.0/docs/Architecture/99_Appendix/ADR-002_Bounded_Saved_Query_Persistence.md		archived because it is immutable evidence that cannot be represented safely in the living document	Accepted architectural decision with stable identifier and rationale; immutable decision record, linked through the living ADR index.
release/OpenSorSe-v1.0.0/docs/Architecture/99_Appendix/ADR-003_Historical_Metadata_Comparison.md	release/OpenSorSe-v1.0.0/docs/Architecture/99_Appendix/ADR-003_Historical_Metadata_Comparison.md		archived because it is immutable evidence that cannot be represented safely in the living document	Accepted architectural decision with stable identifier and rationale; immutable decision record, linked through the living ADR index.
release/OpenSorSe-v1.0.0/docs/Architecture/99_Appendix/ADR.md	release/OpenSorSe-v1.0.0/docs/Architecture/99_Appendix/ADR.md		archived because it is immutable evidence that cannot be represented safely in the living document	Frozen distributed package and legal/provenance evidence: Architecture Decision Records (ADRs)
release/OpenSorSe-v1.0.0/docs/Architecture/99_Appendix/Coding_Standards.md	release/OpenSorSe-v1.0.0/docs/Architecture/99_Appendix/Coding_Standards.md		archived because it is immutable evidence that cannot be represented safely in the living document	Frozen distributed package and legal/provenance evidence: Coding Standards
release/OpenSorSe-v1.0.0/docs/Architecture/99_Appendix/Glossary.md	release/OpenSorSe-v1.0.0/docs/Architecture/99_Appendix/Glossary.md		archived because it is immutable evidence that cannot be represented safely in the living document	Frozen distributed package and legal/provenance evidence: Glossary
release/OpenSorSe-v1.0.0/docs/Architecture/99_Appendix/Naming_Conventions.md	release/OpenSorSe-v1.0.0/docs/Architecture/99_Appendix/Naming_Conventions.md		archived because it is immutable evidence that cannot be represented safely in the living document	Frozen distributed package and legal/provenance evidence: Naming Conventions
release/OpenSorSe-v1.0.0/docs/Architecture/99_Appendix/Technology_Stack.md	release/OpenSorSe-v1.0.0/docs/Architecture/99_Appendix/Technology_Stack.md		archived because it is immutable evidence that cannot be represented safely in the living document	Frozen distributed package and legal/provenance evidence: Technology Stack
release/OpenSorSe-v1.0.0/docs/Architecture/Template.md	release/OpenSorSe-v1.0.0/docs/Architecture/Template.md		archived because it is immutable evidence that cannot be represented safely in the living document	Frozen distributed package and legal/provenance evidence: Title
release/OpenSorSe-v1.0.0/docs/CHANGELOG.md	release/OpenSorSe-v1.0.0/docs/CHANGELOG.md		archived because it is immutable evidence that cannot be represented safely in the living document	Frozen distributed package and legal/provenance evidence: Changelog
release/OpenSorSe-v1.0.0/docs/DATA_MODEL_v1.0.md	release/OpenSorSe-v1.0.0/docs/DATA_MODEL_v1.0.md		archived because it is immutable evidence that cannot be represented safely in the living document	Frozen distributed package and legal/provenance evidence: OpenSorSe 1.0 Data Model
release/OpenSorSe-v1.0.0/docs/FOSS_DEPENDENCY_POLICY.md	release/OpenSorSe-v1.0.0/docs/FOSS_DEPENDENCY_POLICY.md		archived because it is immutable evidence that cannot be represented safely in the living document	Frozen distributed package and legal/provenance evidence: Free and Open-Source Dependency Policy
release/OpenSorSe-v1.0.0/docs/INSTALLATION.md	release/OpenSorSe-v1.0.0/docs/INSTALLATION.md		archived because it is immutable evidence that cannot be represented safely in the living document	Frozen distributed package and legal/provenance evidence: Installing OpenSorSe 1.0 on Windows
release/OpenSorSe-v1.0.0/docs/Implementation_Spec/001_FileScanner.md	release/OpenSorSe-v1.0.0/docs/Implementation_Spec/001_FileScanner.md		archived because it is immutable evidence that cannot be represented safely in the living document	Frozen distributed package and legal/provenance evidence: Implementation Specification
release/OpenSorSe-v1.0.0/docs/Implementation_Spec/002_FileMetadata.md	release/OpenSorSe-v1.0.0/docs/Implementation_Spec/002_FileMetadata.md		archived because it is immutable evidence that cannot be represented safely in the living document	Frozen distributed package and legal/provenance evidence: Implementation Specification
release/OpenSorSe-v1.0.0/docs/Implementation_Spec/003__FileHasher.md	release/OpenSorSe-v1.0.0/docs/Implementation_Spec/003__FileHasher.md		archived because it is immutable evidence that cannot be represented safely in the living document	Frozen distributed package and legal/provenance evidence: Implementation Specification
release/OpenSorSe-v1.0.0/docs/Implementation_Spec/004_FileClassifier.md	release/OpenSorSe-v1.0.0/docs/Implementation_Spec/004_FileClassifier.md		archived because it is immutable evidence that cannot be represented safely in the living document	Frozen distributed package and legal/provenance evidence: Implementation Specification
release/OpenSorSe-v1.0.0/docs/Implementation_Spec/005_DuplicateDetector.md	release/OpenSorSe-v1.0.0/docs/Implementation_Spec/005_DuplicateDetector.md		archived because it is immutable evidence that cannot be represented safely in the living document	Frozen distributed package and legal/provenance evidence: Implementation Specification
release/OpenSorSe-v1.0.0/docs/Implementation_Spec/006_RuleEngine.md	release/OpenSorSe-v1.0.0/docs/Implementation_Spec/006_RuleEngine.md		archived because it is immutable evidence that cannot be represented safely in the living document	Frozen distributed package and legal/provenance evidence: Implementation Specification
release/OpenSorSe-v1.0.0/docs/Implementation_Spec/007_MovePlanner.md	release/OpenSorSe-v1.0.0/docs/Implementation_Spec/007_MovePlanner.md		archived because it is immutable evidence that cannot be represented safely in the living document	Frozen distributed package and legal/provenance evidence: Implementation Specification
release/OpenSorSe-v1.0.0/docs/Implementation_Spec/008_ConflictResolver.md	release/OpenSorSe-v1.0.0/docs/Implementation_Spec/008_ConflictResolver.md		archived because it is immutable evidence that cannot be represented safely in the living document	Frozen distributed package and legal/provenance evidence: Implementation Specification
release/OpenSorSe-v1.0.0/docs/Implementation_Spec/009_MoveExecutor.md	release/OpenSorSe-v1.0.0/docs/Implementation_Spec/009_MoveExecutor.md		archived because it is immutable evidence that cannot be represented safely in the living document	Frozen distributed package and legal/provenance evidence: Implementation Specification
release/OpenSorSe-v1.0.0/docs/Implementation_Spec/010_UndoEngine.md	release/OpenSorSe-v1.0.0/docs/Implementation_Spec/010_UndoEngine.md		archived because it is immutable evidence that cannot be represented safely in the living document	Frozen distributed package and legal/provenance evidence: Implementation Specification
release/OpenSorSe-v1.0.0/docs/Implementation_Spec/011_LoggingService.md	release/OpenSorSe-v1.0.0/docs/Implementation_Spec/011_LoggingService.md		archived because it is immutable evidence that cannot be represented safely in the living document	Frozen distributed package and legal/provenance evidence: Implementation Specification
release/OpenSorSe-v1.0.0/docs/Implementation_Spec/012_ConfigurationManager.md	release/OpenSorSe-v1.0.0/docs/Implementation_Spec/012_ConfigurationManager.md		archived because it is immutable evidence that cannot be represented safely in the living document	Frozen distributed package and legal/provenance evidence: Implementation Specification
release/OpenSorSe-v1.0.0/docs/Implementation_Spec/013_MainWindow.md	release/OpenSorSe-v1.0.0/docs/Implementation_Spec/013_MainWindow.md		archived because it is immutable evidence that cannot be represented safely in the living document	Frozen distributed package and legal/provenance evidence: Implementation Specification
release/OpenSorSe-v1.0.0/docs/Implementation_Spec/014_Dashboard.md	release/OpenSorSe-v1.0.0/docs/Implementation_Spec/014_Dashboard.md		archived because it is immutable evidence that cannot be represented safely in the living document	Frozen distributed package and legal/provenance evidence: Implementation Specification
release/OpenSorSe-v1.0.0/docs/Implementation_Spec/015_FolderSelection.md	release/OpenSorSe-v1.0.0/docs/Implementation_Spec/015_FolderSelection.md		archived because it is immutable evidence that cannot be represented safely in the living document	Frozen distributed package and legal/provenance evidence: Implementation Specification
release/OpenSorSe-v1.0.0/docs/Implementation_Spec/016_ScanProgress.md	release/OpenSorSe-v1.0.0/docs/Implementation_Spec/016_ScanProgress.md		archived because it is immutable evidence that cannot be represented safely in the living document	Frozen distributed package and legal/provenance evidence: Implementation Specification
release/OpenSorSe-v1.0.0/docs/Implementation_Spec/017_ResultsView.md	release/OpenSorSe-v1.0.0/docs/Implementation_Spec/017_ResultsView.md		archived because it is immutable evidence that cannot be represented safely in the living document	Frozen distributed package and legal/provenance evidence: Implementation Specification
release/OpenSorSe-v1.0.0/docs/Implementation_Spec/018_RuleEditor.md	release/OpenSorSe-v1.0.0/docs/Implementation_Spec/018_RuleEditor.md		archived because it is immutable evidence that cannot be represented safely in the living document	Frozen distributed package and legal/provenance evidence: Implementation Specification
release/OpenSorSe-v1.0.0/docs/Implementation_Spec/019_Settings.md	release/OpenSorSe-v1.0.0/docs/Implementation_Spec/019_Settings.md		archived because it is immutable evidence that cannot be represented safely in the living document	Frozen distributed package and legal/provenance evidence: Implementation Specification
release/OpenSorSe-v1.0.0/docs/Implementation_Spec/020_LogViewer.md	release/OpenSorSe-v1.0.0/docs/Implementation_Spec/020_LogViewer.md		archived because it is immutable evidence that cannot be represented safely in the living document	Frozen distributed package and legal/provenance evidence: Implementation Specification
release/OpenSorSe-v1.0.0/docs/Implementation_Spec/021_UndoHistory.md	release/OpenSorSe-v1.0.0/docs/Implementation_Spec/021_UndoHistory.md		archived because it is immutable evidence that cannot be represented safely in the living document	Frozen distributed package and legal/provenance evidence: Implementation Specification
release/OpenSorSe-v1.0.0/docs/Implementation_Spec/022_AboutView.md	release/OpenSorSe-v1.0.0/docs/Implementation_Spec/022_AboutView.md		archived because it is immutable evidence that cannot be represented safely in the living document	Frozen distributed package and legal/provenance evidence: Implementation Specification
release/OpenSorSe-v1.0.0/docs/Implementation_Spec/023_NotificationCenter.md	release/OpenSorSe-v1.0.0/docs/Implementation_Spec/023_NotificationCenter.md		archived because it is immutable evidence that cannot be represented safely in the living document	Frozen distributed package and legal/provenance evidence: Implementation Specification
release/OpenSorSe-v1.0.0/docs/Implementation_Spec/024_ScanOrchestrator.md	release/OpenSorSe-v1.0.0/docs/Implementation_Spec/024_ScanOrchestrator.md		archived because it is immutable evidence that cannot be represented safely in the living document	Frozen distributed package and legal/provenance evidence: Implementation Specification
release/OpenSorSe-v1.0.0/docs/Implementation_Spec/025_SessionManager.md	release/OpenSorSe-v1.0.0/docs/Implementation_Spec/025_SessionManager.md		archived because it is immutable evidence that cannot be represented safely in the living document	Frozen distributed package and legal/provenance evidence: Implementation Specification
release/OpenSorSe-v1.0.0/docs/Implementation_Spec/026_ApplicationController.md	release/OpenSorSe-v1.0.0/docs/Implementation_Spec/026_ApplicationController.md		archived because it is immutable evidence that cannot be represented safely in the living document	Frozen distributed package and legal/provenance evidence: Implementation Specification
release/OpenSorSe-v1.0.0/docs/Implementation_Spec/027_EventBus.md	release/OpenSorSe-v1.0.0/docs/Implementation_Spec/027_EventBus.md		archived because it is immutable evidence that cannot be represented safely in the living document	Frozen distributed package and legal/provenance evidence: Implementation Specification
release/OpenSorSe-v1.0.0/docs/Implementation_Spec/028_ErrorHandler.md	release/OpenSorSe-v1.0.0/docs/Implementation_Spec/028_ErrorHandler.md		archived because it is immutable evidence that cannot be represented safely in the living document	Frozen distributed package and legal/provenance evidence: Implementation Specification
release/OpenSorSe-v1.0.0/docs/Implementation_Spec/AUTONOMOUS_DECISIONS.md	release/OpenSorSe-v1.0.0/docs/Implementation_Spec/AUTONOMOUS_DECISIONS.md		archived because it is immutable evidence that cannot be represented safely in the living document	Frozen distributed package and legal/provenance evidence: Autonomous v0.1 Decisions
release/OpenSorSe-v1.0.0/docs/Implementation_Spec/IMPLEMENTATION_PROGRESS_REMOTE.md	release/OpenSorSe-v1.0.0/docs/Implementation_Spec/IMPLEMENTATION_PROGRESS_REMOTE.md		archived because it is immutable evidence that cannot be represented safely in the living document	Frozen distributed package and legal/provenance evidence: Remote Implementation Progress
release/OpenSorSe-v1.0.0/docs/Implementation_Spec/README.md	release/OpenSorSe-v1.0.0/docs/Implementation_Spec/README.md		archived because it is immutable evidence that cannot be represented safely in the living document	Frozen distributed package and legal/provenance evidence: Implementation Specification Index
release/OpenSorSe-v1.0.0/docs/Implementation_Spec/Template.md	release/OpenSorSe-v1.0.0/docs/Implementation_Spec/Template.md		archived because it is immutable evidence that cannot be represented safely in the living document	Frozen distributed package and legal/provenance evidence: Implementation Specification
release/OpenSorSe-v1.0.0/docs/Implementation_Spec/v0.2/00_v0.2_Release_Proposal.md	release/OpenSorSe-v1.0.0/docs/Implementation_Spec/v0.2/00_v0.2_Release_Proposal.md		archived because it is immutable evidence that cannot be represented safely in the living document	Frozen distributed package and legal/provenance evidence: OpenSorSe v0.2 Release Proposal
release/OpenSorSe-v1.0.0/docs/Implementation_Spec/v0.2/029_ResultsSnapshotProjection.md	release/OpenSorSe-v1.0.0/docs/Implementation_Spec/v0.2/029_ResultsSnapshotProjection.md		archived because it is immutable evidence that cannot be represented safely in the living document	Frozen distributed package and legal/provenance evidence: 029 — Results Snapshot Projection
release/OpenSorSe-v1.0.0/docs/Implementation_Spec/v0.2/030_ResultsExplorer.md	release/OpenSorSe-v1.0.0/docs/Implementation_Spec/v0.2/030_ResultsExplorer.md		archived because it is immutable evidence that cannot be represented safely in the living document	Frozen distributed package and legal/provenance evidence: 030 — Results Explorer
release/OpenSorSe-v1.0.0/docs/Implementation_Spec/v0.2/031_ExactDuplicateReview.md	release/OpenSorSe-v1.0.0/docs/Implementation_Spec/v0.2/031_ExactDuplicateReview.md		archived because it is immutable evidence that cannot be represented safely in the living document	Frozen distributed package and legal/provenance evidence: 031 — Exact-Duplicate Review
release/OpenSorSe-v1.0.0/docs/Implementation_Spec/v0.2/IMPLEMENTATION_DECISIONS.md	release/OpenSorSe-v1.0.0/docs/Implementation_Spec/v0.2/IMPLEMENTATION_DECISIONS.md		archived because it is immutable evidence that cannot be represented safely in the living document	Frozen distributed package and legal/provenance evidence: v0.2 Implementation Decisions
release/OpenSorSe-v1.0.0/docs/Implementation_Spec/v0.3/00_v0.3_Release_Proposal.md	release/OpenSorSe-v1.0.0/docs/Implementation_Spec/v0.3/00_v0.3_Release_Proposal.md		archived because it is immutable evidence that cannot be represented safely in the living document	Frozen distributed package and legal/provenance evidence: OpenSorSe v0.3 Release Proposal
release/OpenSorSe-v1.0.0/docs/Implementation_Spec/v0.3/032_Optional_Ollama_and_Suggestion_Safety.md	release/OpenSorSe-v1.0.0/docs/Implementation_Spec/v0.3/032_Optional_Ollama_and_Suggestion_Safety.md		archived because it is immutable evidence that cannot be represented safely in the living document	Frozen distributed package and legal/provenance evidence: 032 — Optional Ollama Integration and Suggestion Safety
release/OpenSorSe-v1.0.0/docs/Implementation_Spec/v0.3/033_Ranked_Search_Tags_and_Preference_History.md	release/OpenSorSe-v1.0.0/docs/Implementation_Spec/v0.3/033_Ranked_Search_Tags_and_Preference_History.md		archived because it is immutable evidence that cannot be represented safely in the living document	Frozen distributed package and legal/provenance evidence: 033 — Ranked Search, Tags, and Local Preference History
release/OpenSorSe-v1.0.0/docs/Implementation_Spec/v0.3/034_Desktop_Integration_and_Test_Strategy.md	release/OpenSorSe-v1.0.0/docs/Implementation_Spec/v0.3/034_Desktop_Integration_and_Test_Strategy.md		archived because it is immutable evidence that cannot be represented safely in the living document	Frozen distributed package and legal/provenance evidence: 034 — Desktop Integration, Product Polish, and Test Strategy
release/OpenSorSe-v1.0.0/docs/Implementation_Spec/v0.4/00_v0.4_Release_Proposal.md	release/OpenSorSe-v1.0.0/docs/Implementation_Spec/v0.4/00_v0.4_Release_Proposal.md		archived because it is immutable evidence that cannot be represented safely in the living document	Frozen distributed package and legal/provenance evidence: OpenSorSe v0.4 Release Proposal
release/OpenSorSe-v1.0.0/docs/Implementation_Spec/v0.4/035_LocalResultsCatalogStore.md	release/OpenSorSe-v1.0.0/docs/Implementation_Spec/v0.4/035_LocalResultsCatalogStore.md		archived because it is immutable evidence that cannot be represented safely in the living document	Frozen distributed package and legal/provenance evidence: Specification 035 — Local Results Catalog Store
release/OpenSorSe-v1.0.0/docs/Implementation_Spec/v0.4/036_CatalogDesktopIntegration.md	release/OpenSorSe-v1.0.0/docs/Implementation_Spec/v0.4/036_CatalogDesktopIntegration.md		archived because it is immutable evidence that cannot be represented safely in the living document	Frozen distributed package and legal/provenance evidence: Specification 036 — Catalog Desktop Integration
release/OpenSorSe-v1.0.0/docs/Implementation_Spec/v0.4/IMPLEMENTATION_DECISIONS.md	release/OpenSorSe-v1.0.0/docs/Implementation_Spec/v0.4/IMPLEMENTATION_DECISIONS.md		archived because it is immutable evidence that cannot be represented safely in the living document	Frozen distributed package and legal/provenance evidence: v0.4 Implementation Decisions
release/OpenSorSe-v1.0.0/docs/Implementation_Spec/v0.5/00_v0.5_Release_Proposal.md	release/OpenSorSe-v1.0.0/docs/Implementation_Spec/v0.5/00_v0.5_Release_Proposal.md		archived because it is immutable evidence that cannot be represented safely in the living document	Frozen distributed package and legal/provenance evidence: OpenSorSe v0.5 Release Proposal
release/OpenSorSe-v1.0.0/docs/Implementation_Spec/v0.5/037_CatalogSearch.md	release/OpenSorSe-v1.0.0/docs/Implementation_Spec/v0.5/037_CatalogSearch.md		archived because it is immutable evidence that cannot be represented safely in the living document	Frozen distributed package and legal/provenance evidence: Specification 037 — Catalog-wide Deterministic Search
release/OpenSorSe-v1.0.0/docs/Implementation_Spec/v0.5/038_CatalogMaintenance.md	release/OpenSorSe-v1.0.0/docs/Implementation_Spec/v0.5/038_CatalogMaintenance.md		archived because it is immutable evidence that cannot be represented safely in the living document	Frozen distributed package and legal/provenance evidence: Specification 038 — Catalog Maintenance Controls
release/OpenSorSe-v1.0.0/docs/Implementation_Spec/v0.5/IMPLEMENTATION_DECISIONS.md	release/OpenSorSe-v1.0.0/docs/Implementation_Spec/v0.5/IMPLEMENTATION_DECISIONS.md		archived because it is immutable evidence that cannot be represented safely in the living document	Frozen distributed package and legal/provenance evidence: v0.5 Implementation Decisions
release/OpenSorSe-v1.0.0/docs/Implementation_Spec/v0.6/00_v0.6_Release_Proposal.md	release/OpenSorSe-v1.0.0/docs/Implementation_Spec/v0.6/00_v0.6_Release_Proposal.md		archived because it is immutable evidence that cannot be represented safely in the living document	Frozen distributed package and legal/provenance evidence: OpenSorSe v0.6 Release Proposal
release/OpenSorSe-v1.0.0/docs/Implementation_Spec/v0.6/039_UserManagedTags.md	release/OpenSorSe-v1.0.0/docs/Implementation_Spec/v0.6/039_UserManagedTags.md		archived because it is immutable evidence that cannot be represented safely in the living document	Frozen distributed package and legal/provenance evidence: Specification 039 — User-Managed Result Tags
release/OpenSorSe-v1.0.0/docs/Implementation_Spec/v0.6/IMPLEMENTATION_DECISIONS.md	release/OpenSorSe-v1.0.0/docs/Implementation_Spec/v0.6/IMPLEMENTATION_DECISIONS.md		archived because it is immutable evidence that cannot be represented safely in the living document	Frozen distributed package and legal/provenance evidence: v0.6 Implementation Decisions
release/OpenSorSe-v1.0.0/docs/Implementation_Spec/v0.7/00_v0.7_Release_Proposal.md	release/OpenSorSe-v1.0.0/docs/Implementation_Spec/v0.7/00_v0.7_Release_Proposal.md		archived because it is immutable evidence that cannot be represented safely in the living document	Frozen distributed package and legal/provenance evidence: OpenSorSe v0.7 Release Proposal
release/OpenSorSe-v1.0.0/docs/Implementation_Spec/v0.7/040_SavedCatalogSearchStore.md	release/OpenSorSe-v1.0.0/docs/Implementation_Spec/v0.7/040_SavedCatalogSearchStore.md		archived because it is immutable evidence that cannot be represented safely in the living document	Frozen distributed package and legal/provenance evidence: Specification 040 — Saved Catalog Search Store
release/OpenSorSe-v1.0.0/docs/Implementation_Spec/v0.7/041_SavedCatalogSearchDesktopIntegration.md	release/OpenSorSe-v1.0.0/docs/Implementation_Spec/v0.7/041_SavedCatalogSearchDesktopIntegration.md		archived because it is immutable evidence that cannot be represented safely in the living document	Frozen distributed package and legal/provenance evidence: Specification 041 — Saved Catalog Search Desktop Integration
release/OpenSorSe-v1.0.0/docs/Implementation_Spec/v0.7/IMPLEMENTATION_DECISIONS.md	release/OpenSorSe-v1.0.0/docs/Implementation_Spec/v0.7/IMPLEMENTATION_DECISIONS.md		archived because it is immutable evidence that cannot be represented safely in the living document	Frozen distributed package and legal/provenance evidence: v0.7 Implementation Decisions
release/OpenSorSe-v1.0.0/docs/Implementation_Spec/v0.8/00_v0.8_Release_Proposal.md	release/OpenSorSe-v1.0.0/docs/Implementation_Spec/v0.8/00_v0.8_Release_Proposal.md		archived because it is immutable evidence that cannot be represented safely in the living document	Frozen distributed package and legal/provenance evidence: OpenSorSe v0.8 Release Proposal
release/OpenSorSe-v1.0.0/docs/Implementation_Spec/v0.8/042_CatalogSnapshotIdentityAndMigration.md	release/OpenSorSe-v1.0.0/docs/Implementation_Spec/v0.8/042_CatalogSnapshotIdentityAndMigration.md		archived because it is immutable evidence that cannot be represented safely in the living document	Frozen distributed package and legal/provenance evidence: Specification 042 - Catalog Snapshot Identity and Migration
release/OpenSorSe-v1.0.0/docs/Implementation_Spec/v0.8/043_CatalogSnapshotIdentityDesktopIntegration.md	release/OpenSorSe-v1.0.0/docs/Implementation_Spec/v0.8/043_CatalogSnapshotIdentityDesktopIntegration.md		archived because it is immutable evidence that cannot be represented safely in the living document	Frozen distributed package and legal/provenance evidence: Specification 043 - Catalog Snapshot Identity Desktop Integration
release/OpenSorSe-v1.0.0/docs/Implementation_Spec/v0.8/IMPLEMENTATION_DECISIONS.md	release/OpenSorSe-v1.0.0/docs/Implementation_Spec/v0.8/IMPLEMENTATION_DECISIONS.md		archived because it is immutable evidence that cannot be represented safely in the living document	Frozen distributed package and legal/provenance evidence: v0.8 Implementation Decisions
release/OpenSorSe-v1.0.0/docs/Implementation_Spec/v0.9.1/00_v0.9.1_Release_Proposal.md	release/OpenSorSe-v1.0.0/docs/Implementation_Spec/v0.9.1/00_v0.9.1_Release_Proposal.md		archived because it is immutable evidence that cannot be represented safely in the living document	Frozen distributed package and legal/provenance evidence: OpenSorSe v0.9.1 Release Proposal
release/OpenSorSe-v1.0.0/docs/Implementation_Spec/v0.9.1/046_Optional_AI_and_Advanced_Feature_Controls.md	release/OpenSorSe-v1.0.0/docs/Implementation_Spec/v0.9.1/046_Optional_AI_and_Advanced_Feature_Controls.md		archived because it is immutable evidence that cannot be represented safely in the living document	Frozen distributed package and legal/provenance evidence: Specification 046 - Optional AI and Advanced Feature Controls
release/OpenSorSe-v1.0.0/docs/Implementation_Spec/v0.9.1/047_Correction_Reliability_and_Usability_Pass.md	release/OpenSorSe-v1.0.0/docs/Implementation_Spec/v0.9.1/047_Correction_Reliability_and_Usability_Pass.md		archived because it is immutable evidence that cannot be represented safely in the living document	Frozen distributed package and legal/provenance evidence: Specification 047 - v0.9.1 Correction, Reliability, and Usability Pass
release/OpenSorSe-v1.0.0/docs/Implementation_Spec/v0.9.1/IMPLEMENTATION_DECISIONS.md	release/OpenSorSe-v1.0.0/docs/Implementation_Spec/v0.9.1/IMPLEMENTATION_DECISIONS.md		archived because it is immutable evidence that cannot be represented safely in the living document	Frozen distributed package and legal/provenance evidence: v0.9.1 Implementation Decisions
release/OpenSorSe-v1.0.0/docs/Implementation_Spec/v0.9/00_v0.9_Release_Proposal.md	release/OpenSorSe-v1.0.0/docs/Implementation_Spec/v0.9/00_v0.9_Release_Proposal.md		archived because it is immutable evidence that cannot be represented safely in the living document	Frozen distributed package and legal/provenance evidence: OpenSorSe v0.9 Release Proposal
release/OpenSorSe-v1.0.0/docs/Implementation_Spec/v0.9/044_HistoricalCatalogComparisonService.md	release/OpenSorSe-v1.0.0/docs/Implementation_Spec/v0.9/044_HistoricalCatalogComparisonService.md		archived because it is immutable evidence that cannot be represented safely in the living document	Frozen distributed package and legal/provenance evidence: Specification 044 - Historical Catalog Comparison Service
release/OpenSorSe-v1.0.0/docs/Implementation_Spec/v0.9/045_HistoricalCatalogComparisonDesktopIntegration.md	release/OpenSorSe-v1.0.0/docs/Implementation_Spec/v0.9/045_HistoricalCatalogComparisonDesktopIntegration.md		archived because it is immutable evidence that cannot be represented safely in the living document	Frozen distributed package and legal/provenance evidence: Specification 045 - Historical Catalog Comparison Desktop Integration
release/OpenSorSe-v1.0.0/docs/Implementation_Spec/v0.9/AUDIT_CORRECTIONS.md	release/OpenSorSe-v1.0.0/docs/Implementation_Spec/v0.9/AUDIT_CORRECTIONS.md		archived because it is immutable evidence that cannot be represented safely in the living document	Frozen distributed package and legal/provenance evidence: v0.9 Senior Audit Corrections
release/OpenSorSe-v1.0.0/docs/Implementation_Spec/v0.9/IMPLEMENTATION_DECISIONS.md	release/OpenSorSe-v1.0.0/docs/Implementation_Spec/v0.9/IMPLEMENTATION_DECISIONS.md		archived because it is immutable evidence that cannot be represented safely in the living document	Frozen distributed package and legal/provenance evidence: v0.9 Implementation Decisions
release/OpenSorSe-v1.0.0/docs/Implementation_Spec/v1.0/00_v1.0_Release_Proposal.md	release/OpenSorSe-v1.0.0/docs/Implementation_Spec/v1.0/00_v1.0_Release_Proposal.md		archived because it is immutable evidence that cannot be represented safely in the living document	Frozen distributed package and legal/provenance evidence: OpenSorSe v1.0 Release Proposal
release/OpenSorSe-v1.0.0/docs/Implementation_Spec/v1.0/048_v1.0_Integrated_Release.md	release/OpenSorSe-v1.0.0/docs/Implementation_Spec/v1.0/048_v1.0_Integrated_Release.md		archived because it is immutable evidence that cannot be represented safely in the living document	Frozen distributed package and legal/provenance evidence: Specification 048 - OpenSorSe 1.0.0 Integrated Release
release/OpenSorSe-v1.0.0/docs/Implementation_Spec/v1.0/049_Final_Product_Completion.md	release/OpenSorSe-v1.0.0/docs/Implementation_Spec/v1.0/049_Final_Product_Completion.md		archived because it is immutable evidence that cannot be represented safely in the living document	Frozen distributed package and legal/provenance evidence: Specification 049 - OpenSorSe 1.0 Final Product Completion
release/OpenSorSe-v1.0.0/docs/Implementation_Spec/v1.0/050_Release_Candidate_UX_and_AI_Hardening.md	release/OpenSorSe-v1.0.0/docs/Implementation_Spec/v1.0/050_Release_Candidate_UX_and_AI_Hardening.md		archived because it is immutable evidence that cannot be represented safely in the living document	Frozen distributed package and legal/provenance evidence: OpenSorSe v1.0 Release-Candidate UX and AI Hardening
release/OpenSorSe-v1.0.0/docs/Implementation_Spec/v1.0/051_Readme_and_Windows_Distribution.md	release/OpenSorSe-v1.0.0/docs/Implementation_Spec/v1.0/051_Readme_and_Windows_Distribution.md		archived because it is immutable evidence that cannot be represented safely in the living document	Frozen distributed package and legal/provenance evidence: OpenSorSe v1.0 README and Windows Distribution
release/OpenSorSe-v1.0.0/docs/Implementation_Spec/v1.0/052_Live_AI_Request_Diagnostics.md	release/OpenSorSe-v1.0.0/docs/Implementation_Spec/v1.0/052_Live_AI_Request_Diagnostics.md		archived because it is immutable evidence that cannot be represented safely in the living document	Frozen distributed package and legal/provenance evidence: OpenSorSe v1.0 Live AI Request Diagnostics
release/OpenSorSe-v1.0.0/docs/Implementation_Spec/v1.0/IMPLEMENTATION_DECISIONS.md	release/OpenSorSe-v1.0.0/docs/Implementation_Spec/v1.0/IMPLEMENTATION_DECISIONS.md		archived because it is immutable evidence that cannot be represented safely in the living document	Frozen distributed package and legal/provenance evidence: OpenSorSe v1.0 Implementation Decisions
release/OpenSorSe-v1.0.0/docs/MANUAL_TESTING_v0.9.1.md	release/OpenSorSe-v1.0.0/docs/MANUAL_TESTING_v0.9.1.md		archived because it is immutable evidence that cannot be represented safely in the living document	Frozen distributed package and legal/provenance evidence: OpenSorSe v0.9.1 Manual Verification
release/OpenSorSe-v1.0.0/docs/MANUAL_TESTING_v1.0.md	release/OpenSorSe-v1.0.0/docs/MANUAL_TESTING_v1.0.md		archived because it is immutable evidence that cannot be represented safely in the living document	Frozen distributed package and legal/provenance evidence: OpenSorSe v1.0 Manual Testing Guide
release/OpenSorSe-v1.0.0/docs/MIGRATION_v1.0.md	release/OpenSorSe-v1.0.0/docs/MIGRATION_v1.0.md		archived because it is immutable evidence that cannot be represented safely in the living document	Frozen distributed package and legal/provenance evidence: OpenSorSe 1.0 Migration Strategy
release/OpenSorSe-v1.0.0/docs/RELEASE_CHECKLIST_v1.0.md	release/OpenSorSe-v1.0.0/docs/RELEASE_CHECKLIST_v1.0.md		archived because it is immutable evidence that cannot be represented safely in the living document	Frozen distributed package and legal/provenance evidence: OpenSorSe 1.0 Release Checklist
release/OpenSorSe-v1.0.0/docs/RELEASE_STATUS.md	release/OpenSorSe-v1.0.0/docs/RELEASE_STATUS.md		archived because it is immutable evidence that cannot be represented safely in the living document	Frozen distributed package and legal/provenance evidence: Release Status
release/OpenSorSe-v1.0.0/docs/SAFETY_AND_PRIVACY.md	release/OpenSorSe-v1.0.0/docs/SAFETY_AND_PRIVACY.md		archived because it is immutable evidence that cannot be represented safely in the living document	Frozen distributed package and legal/provenance evidence: OpenSorSe 1.0 Safety and Privacy
release/OpenSorSe-v1.0.0/docs/VERSION_NOTES_v1.0.md	release/OpenSorSe-v1.0.0/docs/VERSION_NOTES_v1.0.md		archived because it is immutable evidence that cannot be represented safely in the living document	Frozen distributed package and legal/provenance evidence: OpenSorSe 1.0.0 Version Notes
release/OpenSorSe-v1.0.0/docs/images/README.md	release/OpenSorSe-v1.0.0/docs/images/README.md		archived because it is immutable evidence that cannot be represented safely in the living document	Frozen distributed package and legal/provenance evidence: OpenSorSe screenshot assets
release/OpenSorSe-v1.0.0/docs/project_philosophy.md	release/OpenSorSe-v1.0.0/docs/project_philosophy.md		archived because it is immutable evidence that cannot be represented safely in the living document	Frozen distributed package and legal/provenance evidence: Project Philosophy
release/OpenSorSe-v1.0.0/docs/roadmap.md	release/OpenSorSe-v1.0.0/docs/roadmap.md		archived because it is immutable evidence that cannot be represented safely in the living document	Frozen distributed package and legal/provenance evidence: OpenSorSe Roadmap
release/OpenSorSe-v1.0.0/licenses/CommunityToolkit.Mvvm-LICENSE.md	release/OpenSorSe-v1.0.0/licenses/CommunityToolkit.Mvvm-LICENSE.md		archived because it is immutable evidence that cannot be represented safely in the living document	Frozen distributed package and legal/provenance evidence: .NET Community Toolkit
release/OpenSorSe-v1.0.0/licenses/Newtonsoft.Json-LICENSE.md	release/OpenSorSe-v1.0.0/licenses/Newtonsoft.Json-LICENSE.md		archived because it is immutable evidence that cannot be represented safely in the living document	Frozen distributed package and legal/provenance evidence: The MIT License (MIT)
release/OpenSorSe-v1.0.0/licenses/README.md	release/OpenSorSe-v1.0.0/licenses/README.md		archived because it is immutable evidence that cannot be represented safely in the living document	Frozen distributed package and legal/provenance evidence: Runtime dependency licences
